Lifter,Birth Year,Team,Body Weight,Best Squat,Best Bench,Best Deadlift,Total,Year,Sex,Division
Williams Ray,1986,USA,171.65,425.5,235,340,1000.5,2015,M,Classic
Sumner Blaine,1987,USA,167.02,410,232.5,335,977.5,2015,M,Classic
Williams Ray,1986,USA,162.4,412.5,235,325,972.5,2014,M,Classic
Uepa Jezza,1980,NRU,168.15,410,242.5,317.5,970,2015,M,Classic
Branton Kelly,1986,CAN,149.81,387.5,250,332.5,970,2015,M,Classic
Kruze Martins,1988,LAT,156.15,390,222.5,337.5,950,2015,M,Classic
Bouafia Mohamed,1976,ALG,119.7,375,210,360,945,2014,M,Classic
Kovalchuk Artem,1982,RUS,142.29,365,205,362.5,932.5,2015,M,Classic
Maleki Mojtaba,1983,IRI,156.85,392.5,215,320,927.5,2015,M,Classic
Bouafia Mohamed,1976,ALG,119.48,350,212.5,365,927.5,2015,M,Classic
Hristov Ivaylo,1979,BUL,119.93,342.5,222.5,362.5,927.5,2015,M,Classic
Gillingham Brad,1966,USA,147.05,315,230,375,920,2013,M,Classic
Kirisome Oliva,1985,SAM,160.85,357.5,220,340,917.5,2014,M,Classic
Bouafia Mohamed,1976,ALG,119.85,350,210,355.5,915.5,2012,M,Classic
Kruze Martins,1988,LAT,152.9,370,217.5,327.5,915,2014,M,Classic
Tuchscherer Michael,1985,USA,119,345,210,360,915,2014,M,Classic
Sumner Blaine,1987,USA,158.75,375,215,317.5,907.5,2012,M,Classic
Roenning Martin,1984,NOR,163.5,330,252.5,325,907.5,2015,M,Classic
Hristov Ivaylo,1979,BUL,118.85,337.5,225,342.5,905,2013,M,Classic
Cliffe Tony,1984,GBR,118.51,327.5,230,342.5,900,2015,M,Classic
Kim Alexandr,1985,KAZ,133.95,325,215,355,895,2013,M,Classic
Rast Siim,1988,EST,182.5,327.5,225,342.5,895,2015,M,Classic
Tuchscherer Michael,1985,USA,117.95,345,202.5,345,892.5,2013,M,Classic
Kruze Martins,1988,LAT,142.95,345,215,332.5,892.5,2013,M,Classic
Uepa Jezza,1980,NRU,160.3,350,232.5,310,892.5,2013,M,Classic
Jones Michael,1988,GBR,174.25,335,225,332.5,892.5,2015,M,Classic
Kudryavcev Alexey,1988,RUS,119.75,327.5,222.5,337.5,887.5,2013,M,Classic
Kudryavcev Alexey,1988,RUS,118.55,322.5,220,345,887.5,2014,M,Classic
Kirisome Oliva,1985,SAM,163.95,345,207.5,332.5,885,2013,M,Classic
Kovalchuk Artem,1982,RUS,137.15,342.5,202.5,337.5,882.5,2014,M,Classic
Boughalem Ilyes,1987,ALG,143.72,310,270.5,295,875.5,2015,M,Classic
Baller Matthew,1985,USA,139.6,312.5,260.5,297.5,870.5,2014,M,Classic
Cliffe Tony,1984,GBR,119.2,310,220,340,870,2013,M,Classic
Roenning Martin,1984,NOR,163.2,315,245,310,870,2014,M,Classic
Belkin Yury,1990,RUS,103.56,315,215,337.5,867.5,2014,M,Classic
Bouafia Mohamed,1976,ALG,118.45,356,190,320,866,2013,M,Classic
Simonyan Kamo,1971,RUS,113.75,340,197.5,327.5,865,2012,M,Classic
Tuchscherer Michael,1985,USA,118.7,315,207.5,342.5,865,2012,M,Classic
Cliffe Tony,1984,GBR,118.65,322.5,220,322.5,865,2014,M,Classic
Sjogren Robin,1987,SWE,162.25,332.5,197.5,330,860,2012,M,Classic
Tuchscherer Michael,1985,USA,119.72,325,200,335,860,2015,M,Classic
Pritchard Stephen,1970,AUS,132,330,215,310,855,2012,M,Classic
Kuvambayev Zalim,1986,KAZ,104.65,310,212.5,332.5,855,2013,M,Classic
Lihanov Dmitry,1979,RUS,103.1,317.5,221,315,853.5,2014,M,Classic
Martin Jared,1989,USA,118.75,327.5,190,335,852.5,2015,M,Classic
Marinenko Viktor,1987,UKR,118.85,322.5,190,340,852.5,2013,M,Classic
Raus Alex-Edward,1992,EST,104.6,330,212.5,310,852.5,2014,M,Classic
Reinmuth Tony,1989,AUS,153.33,332.5,205,312.5,850,2015,M,Classic
Kovalchuk Artem,1982,RUS,151.4,330,185,332.5,847.5,2012,M,Classic
Wierzbicki Krzysztof,1990,POL,92.25,285,190,372.5,847.5,2014,M,Classic
Coimbra Anibal,1972,LUX,103.55,312.5,210,325,847.5,2012,M,Classic
Bulanyy Mikhaylo,1975,UKR,93,300,205,342.5,847.5,2014,M,Classic
Pritchard Stephen,1970,AUS,119.15,312.5,215,320,847.5,2014,M,Classic
Raus Alex-Edvard,1992,EST,104.2,325,207.5,312.5,845,2012,M,Classic
Seppanen Tero,1972,FIN,137.5,307.5,227.5,310,845,2012,M,Classic
Kruze Martins,1988,LAT,142.5,325,205,310,840,2012,M,Classic
Raus Alex-Edward,1992,EST,103.35,320,210,310,840,2013,M,Classic
McKenzie Cameron,1993,AUS,119.78,307.5,195,335,837.5,2015,M,Classic
Belkesir Sofiane,1984,FRA,104.45,300,205,332.5,837.5,2014,M,Classic
Lihanov Dmitry,1979,RUS,103.35,310,212.5,315,837.5,2013,M,Classic
Golubev Vladimir,1986,KAZ,118.2,335,210,290,835,2013,M,Classic
Semenets Sergey,1977,KAZ,147.1,285,215,335,835,2013,M,Classic
Sjogren Robin,1987,SWE,162.2,322.5,205,305,832.5,2013,M,Classic
Wierzbicki Krzysztof,1990,POL,92.52,290,187.5,355,832.5,2015,M,Classic
Ringoot Steve,1989,BEL,141.3,305,215,312.5,832.5,2015,M,Classic
Likhanov Dmitry,1979,RUS,104.05,307.5,200,322.5,830,2012,M,Classic
Tommila Antti,1989,FIN,145.45,312.5,215,300,827.5,2015,M,Classic
Belkesir Sofiane,1984,FRA,104.49,290,207.5,330,827.5,2015,M,Classic
Marynenko Viktor,1987,UKR,118.96,317.5,192.5,315,825,2015,M,Classic
Kirkeboen Lars,1982,NOR,160,300,185,340,825,2012,M,Classic
Markussen Lars,1974,NOR,129.55,300,200,325,825,2012,M,Classic
Tylutki Nicholas,1978,USA,103.79,305,187.5,330,822.5,2015,M,Classic
Gustafsson Kim,1986,SWE,146.2,285,170,360,815,2015,M,Classic
Juzups Maris,1988,LAT,118.26,302.5,227.5,285,815,2015,M,Classic
Pielorz Stefan,1974,GER,139.35,307.5,215,290,812.5,2012,M,Classic
Ivanets Andrei,1984,BLR,103.8,282.5,187.5,340,810,2012,M,Classic
Haavik Adam,1988,SWE,116.94,290,200,320,810,2015,M,Classic
Wierzbicki Krzysztof,1990,POL,92.95,265,190,355,810,2013,M,Classic
Hjelmtveit Andreas,1983,NOR,103.6,307.5,170,330,807.5,2014,M,Classic
Rebreyend Christophe,1988,NED,145.06,302.5,180,325,807.5,2015,M,Classic
Golubev Vladimir,1986,KAZ,115.05,300,197.5,307.5,805,2012,M,Classic
Muhonen Tomi,1983,FIN,104.45,300,200,305,805,2013,M,Classic
Gross Ernst,1987,RUS,103.85,310,197.5,295,802.5,2015,M,Classic
Sagor Rait,1990,EST,104.7,285,187.5,330,802.5,2015,M,Classic
Manuel Stephen,1988,GBR,103,295,200,307.5,802.5,2015,M,Classic
Gramlich Philipp,1987,GER,131.85,285,200,317.5,802.5,2015,M,Classic
Nystrom David,1983,SWE,119.25,302.5,205,292.5,800,2012,M,Classic
Takeda Yusuke,1985,JPN,103.69,295,212.5,292.5,800,2015,M,Classic
Norton Layne,1981,USA,91.48,303,172.5,322.5,798,2015,M,Classic
Hedlesky Michael,1985,USA,116.6,260,185,352.5,797.5,2013,M,Classic
Nacle Daniel,1978,BRA,136.33,295,212.5,290,797.5,2015,M,Classic
Hjelmtveit Andreas,1983,NOR,104.4,290,180,325,795,2012,M,Classic
Dubovoi Oleksandr,1980,UKR,107.29,315,200,280,795,2015,M,Classic
Sprutta Robert,1988,POL,144.3,290,182.5,315,787.5,2012,M,Classic
Castillo Jose,1986,ECU,81.93,290,182.5,315,787.5,2015,M,Classic
Coimbra David,1983,BRA,92.01,285,180,322.5,787.5,2015,M,Classic
Muhonen Tomi,1983,FIN,104.65,290,197.5,300,787.5,2012,M,Classic
Laybolt Brody,1988,CAN,118.66,270,195,322.5,787.5,2015,M,Classic
Demcak Pavol,1977,CZE,117.87,285,222.5,280,787.5,2015,M,Classic
Hokkanen Timo,1979,FIN,116.35,275,235,277.5,787.5,2014,M,Classic
Napper Dave,1987,AUS,125.69,300,165,320,785,2015,M,Classic
Manuel Stephen,1988,GBR,92.1,290,192.5,302.5,785,2014,M,Classic
Gilbert Quentin,1983,FRA,92.85,287.5,195,302.5,785,2015,M,Classic
McClain Ls,1978,USA,92.48,265,212.5,307.5,785,2015,M,Classic
Grzesik Mateusz,1989,POL,104.05,280,202.5,300,782.5,2015,M,Classic
Adov Borislav,1987,BUL,92.48,275,207.5,300,782.5,2015,M,Classic
Demcak Pavol,1977,CZE,119.1,275,222.5,285,782.5,2014,M,Classic
Belkesir Sofiane,1984,FRA,104.5,282.5,192.5,305,780,2013,M,Classic
Takeda Yusuke,1985,JPN,103.1,285,210,285,780,2013,M,Classic
Hokkanen Timo,1979,FIN,116.4,272.5,237.5,270,780,2013,M,Classic
Mahon Andy,1976,NZL,102.5,315,170,290,775,2014,M,Classic
Sedlacek Jakub,1988,CZE,91.38,290,215,270,775,2015,M,Classic
Gibbs Brett,1991,NZL,82.4,270,202.5,302.5,775,2015,M,Classic
Mostafa Yazdani Kachouei,1988,IRI,101.25,275,167.5,330,772.5,2015,M,Classic
Manuel Stephen,1988,GBR,92.95,280,187.5,305,772.5,2013,M,Classic
Martin Tomas,1987,GBR,92.8,255,172.5,345,772.5,2014,M,Classic
McClain Ls,1978,USA,92.25,267.5,212.5,292.5,772.5,2014,M,Classic
Leberwurst Franz,1969,AUT,115.7,290,180,300,770,2012,M,Classic
Castillo Jose,1986,ECU,82.4,272.5,182.5,315,770,2014,M,Classic
Wright Colin,1967,GBR,115.8,285,177.5,305,767.5,2013,M,Classic
Gilbert Quentin,1983,FRA,92.65,282.5,192.5,292.5,767.5,2014,M,Classic
Kirby Russell,1971,GBR,116.2,282.5,195,290,767.5,2012,M,Classic
Coimbra David,1983,BRA,92.2,280,177.5,307.5,765,2014,M,Classic
Pearce Matthew,1988,GBR,142.75,305,195,265,765,2013,M,Classic
Nacle Daniel,1978,BRA,128.05,295,195,275,765,2012,M,Classic
Noonan Kyle,1990,RSA,126,260,180,325,765,2015,M,Classic
Wierzbicki Krzysztof,1990,POL,89.3,252.5,182.5,330,765,2012,M,Classic
Degtiar Denys,1981,UKR,103.55,280,177.5,305,762.5,2013,M,Classic
Hozjan Richard,1982,AUS,101.95,267.5,205,290,762.5,2013,M,Classic
Edwards Dave,1985,RSA,117.35,265,205,292.5,762.5,2014,M,Classic
Mutikainen Teemu,1988,FIN,104.09,275,172.5,312.5,760,2015,M,Classic
Fontaine Laurent,1988,CAN,104.07,285,185,290,760,2015,M,Classic
Kuzmin Alexey,1982,RUS,81.85,265,182.5,312.5,760,2013,M,Classic
Brechtefeld Jim Kalinsky,1989,NRU,117.2,300,210,250,760,2013,M,Classic
Pearce Matthew,1988,GBR,138.05,285,200,275,760,2012,M,Classic
John Rhys,1981,GBR,117.3,265,187.5,305,757.5,2012,M,Classic
Karpenko Alexander,1980,RUS,92.25,252.5,205,300,757.5,2012,M,Classic
Kaafarani Hussein,1982,LIB,131.5,270,222.5,265,757.5,2013,M,Classic
Demcak Pavol,1977,CZE,119.6,265,220,272.5,757.5,2013,M,Classic
Girones Carles,1976,ESP,117.15,275,160,320,755,2012,M,Classic
Nemeshazy Jr Janos,1979,HUN,103.1,270,170,315,755,2014,M,Classic
Kuzmin Alexey,1982,RUS,82.3,267.5,182.5,305,755,2014,M,Classic
Virzi Francesco,1983,GER,92.76,277.5,190,287.5,755,2015,M,Classic
Juzups Maris,1988,LAT,104.45,265,207.5,282.5,755,2013,M,Classic
Franzen Henrik,1979,SWE,99,270,180,302.5,752.5,2012,M,Classic
Booyse Juan,1990,RSA,130,287.5,200,265,752.5,2014,M,Classic
Ostrowski Damian,1983,POL,118.6,272.5,190,290,752.5,2014,M,Classic
Trettin Robert,1986,USA,103.3,270,197.5,285,752.5,2013,M,Classic
Schrems Michael,1984,AUT,118.28,275,207.5,270,752.5,2015,M,Classic
Coimbra David,1983,BRA,92.5,267.5,175,307.5,750,2013,M,Classic
Muttonen Mikko,1987,FIN,103.35,255,185,310,750,2012,M,Classic
Loutsis Mihail,1984,GRE,129.35,260,215,275,750,2012,M,Classic
Kot Sebastian,1985,POL,104.65,270,187.5,290,747.5,2012,M,Classic
Blikaas Kim Andre,1990,NOR,92.75,250,190,307.5,747.5,2014,M,Classic
Skaarup Nicolas,1985,DEN,119.9,262.5,200,285,747.5,2013,M,Classic
McLain III LS,1978,USA,91.65,252.5,205,290,747.5,2013,M,Classic
Hornik Jiri,1978,CZE,91.6,260,180,305,745,2012,M,Classic
Suomela Johannes,1988,FIN,104.4,257.5,185,302.5,745,2014,M,Classic
Nemeshazy Janos Istvan Jr,1979,HUN,103.05,270,160,312.5,742.5,2013,M,Classic
Danilevic Lauris,1982,LAT,92.07,270,172.5,300,742.5,2015,M,Classic
Kuvambayev Zalim,1986,KAZ,92.95,252.5,192.5,297.5,742.5,2012,M,Classic
Henry Vagi,1988,PNG,136,275,165,300,740,2015,M,Classic
Zouein Luis,1991,BRA,102.71,255,182.5,302.5,740,2015,M,Classic
Takeda Yusuke,1985,JPN,99.85,275,205,260,740,2012,M,Classic
Ronkainen Mikko,1987,FIN,92.3,260,170,305,735,2012,M,Classic
Walgermo Stian,1988,NOR,104.55,272.5,190,270,732.5,2012,M,Classic
Tosh Henry,1980,GBR,100.15,242.5,182.5,307.5,732.5,2015,M,Classic
Bull Hansen Bjorn Andreas,1972,NOR,110.35,245,185,300,730,2012,M,Classic
Nemeshazy Janos Istvan Jr,1979,SUI,103.8,265,150,312.5,727.5,2012,M,Classic
Zaitsev Artem,1985,RUS,82.6,260,167.5,300,727.5,2015,M,Classic
Tosh Henry,1980,GBR,99.75,240,187.5,300,727.5,2014,M,Classic
Pankrashev Alexey,1990,KAZ,104.37,275,172.5,277.5,725,2015,M,Classic
Coimbra David,1983,BRA,91.8,260,175,290,725,2012,M,Classic
Vahtola Ville,1986,FIN,104.15,255,180,290,725,2014,M,Classic
Skaarup Nicolas,1985,DEN,119,255,195,275,725,2012,M,Classic
Ronkainen Mikko,1987,FIN,92.6,255,170,297.5,722.5,2013,M,Classic
Pinheiro Gilles,1987,FRA,89.05,250,170,302.5,722.5,2012,M,Classic
Purzel Alexander,1983,AUT,117,247.5,175,300,722.5,2014,M,Classic
Bak Sune,1974,DEN,104.95,245,190,287.5,722.5,2013,M,Classic
Teitsson Aron,1987,ISL,91.25,242.5,195,285,722.5,2014,M,Classic
Mitchell John,1959,GBR,103.35,270,170,280,720,2012,M,Classic
Turakhanov Davranbek,1974,KAZ,80,252.5,172.5,295,720,2012,M,Classic
Dahl Johannes,1983,SWE,93,255,172.5,290,717.5,2012,M,Classic
Muttonen Mikko,1987,FIN,91.33,257.5,175,285,717.5,2015,M,Classic
Purzel Alexander,1983,AUT,117.85,242.5,175,300,717.5,2013,M,Classic
Jame David,1981,AUS,104.65,267.5,142.5,305,715,2014,M,Classic
Kuzmin Alexey,1982,RUS,81.15,252.5,175,287.5,715,2012,M,Classic
Rees Robert,1988,GBR,103.7,245,170,300,715,2013,M,Classic
Pritchard Hayden,1988,NZL,90.95,272.5,160,280,712.5,2014,M,Classic
Hrynkevich-Sudnik Aliaksa,1976,BLR,73.57,247.5,167.5,297.5,712.5,2015,M,Classic
Murrell Rob,1981,AUS,118.94,270,165,275,710,2015,M,Classic
Jovicevic Andrew,1966,AUS,103.75,255,185,270,710,2012,M,Classic
Tykhostup Volodymyr,1989,UKR,82.05,255,185,270,710,2013,M,Classic
Muttonen Mikko,1987,FIN,92.45,235,180,295,710,2013,M,Classic
Schrems Michael,1984,AUT,104.25,245,200,265,710,2014,M,Classic
Boughalem Ilyes,1987,ALG,136.2,240,240,230,710,2014,M,Classic
Kolar Marek,1988,CZE,91.3,265,162.5,280,707.5,2012,M,Classic
Turakhanov Davranbek,1974,KAZ,81.2,255,165,287.5,707.5,2013,M,Classic
Tertitski Alex,1978,USA,82.9,235,162.5,310,707.5,2012,M,Classic
Shillingford Pierre,1988,GBR,91.39,250,160,295,705,2015,M,Classic
Davies Conrad,1991,CAN,130.12,260,170,275,705,2015,M,Classic
Ronkainen Mikko,1987,FIN,82.72,250,165,290,705,2015,M,Classic
Wasson Mark,1989,CAN,81.45,247.5,165,290,702.5,2015,M,Classic
Smith Jesper,1973,DEN,118.2,275,160,265,700,2012,M,Classic
Gove Derek,1987,USA,82.55,257.5,152.5,290,700,2014,M,Classic
Pritchard Hayden,1988,NZL,91.4,260,155,285,700,2013,M,Classic
Hill Scott,1977,AUS,91.95,250,180,270,700,2012,M,Classic
Boulianne Joel,1986,CAN,103.2,252.5,197.5,250,700,2013,M,Classic
Fazeli Amir,1986,AUS,82.63,252.5,147.5,297.5,697.5,2015,M,Classic
Parviainen Mika,1979,FIN,82.35,242.5,165,290,697.5,2014,M,Classic
Sammalkivi Siim,1987,EST,92.39,247.5,175,275,697.5,2015,M,Classic
Lutz Connor,1990,CAN,81.4,242.5,193.5,260,696,2014,M,Classic
El Belghiti Hassan,1975,FRA,73.04,240,150,305,695,2015,M,Classic
Loosen Gregor,1986,GER,104.25,235,165,295,695,2014,M,Classic
Nolan Matthew,1986,USA,91.65,230,172.5,292.5,695,2012,M,Classic
Hetterschijt Huub,1973,NED,114.2,250,195,250,695,2013,M,Classic
Poinson Adrien,1991,FRA,73.27,232.5,210.5,250,693,2015,M,Classic
Picot-Gueraud Romain,1987,FRA,82.2,255,162.5,275,692.5,2013,M,Classic
Inkinen Timo,1982,FIN,92.4,240,182.5,270,692.5,2012,M,Classic
Sidiropoulos Damianos,1988,GRE,116.65,265,162.5,262.5,690,2012,M,Classic
Picot-Gueraud Romain,1987,FRA,82.2,255,160,275,690,2012,M,Classic
Horvath Peter,1991,HUN,90.58,252.5,162.5,272.5,687.5,2015,M,Classic
Hrynkevich-Sudnik Aliaksa,1976,BLR,73.55,235,165,287.5,687.5,2014,M,Classic
Nanai Lepeka,1979,AUS,119.65,235,180,272.5,687.5,2013,M,Classic
Hrynkevich-Sudnik Aliaksa,1976,BLR,73.65,235,160,291,686,2013,M,Classic
Matwin Lukasz,1983,POL,82.4,217.5,152.5,315.5,685.5,2014,M,Classic
Lossen Gregor,1986,GER,104.75,232.5,162.5,290,685,2013,M,Classic
Webb Colin,1985,AUS,82.4,257.5,152.5,270,680,2014,M,Classic
Ionin Yakov,1986,KAZ,72.7,250,167.5,262.5,680,2015,M,Classic
Smulter Fredrik,1983,FIN,153.3,235,270,175,680,2015,M,Classic
El Belghitti Hassan,1975,FRA,72.55,222.5,145,310,677.5,2014,M,Classic
Virzi Francesco,1983,GER,82.3,250,177.5,250,677.5,2012,M,Classic
Veski Rait,1983,EST,90.33,225,167.5,285,677.5,2015,M,Classic
Faber Martin,1982,DEN,92.25,217.5,175,285,677.5,2012,M,Classic
Gyennin Kojo,1979,CAN,73.1,242.5,142.5,290,675,2014,M,Classic
Nieminen Sami,1975,FIN,73.76,230,152.5,292.5,675,2015,M,Classic
Huang Lung-Hsin,1981,TPE,73.62,225,150,300,675,2015,M,Classic
Lutzuk Andrew,1986,CAN,91.11,230,155,290,675,2015,M,Classic
Shimalistos Harry,1985,RSA,72.2,220,150,305,675,2014,M,Classic
Berglund Per,1967,SWE,73.5,235,175,265,675,2014,M,Classic
Nishikawa Yosuke,1985,JPN,92.3,260,142.5,270,672.5,2012,M,Classic
Kim Guoguang Derrick,1983,SIN,73.22,242.5,135,295,672.5,2015,M,Classic
Webb Colin,1985,AUS,82.2,242.5,145,285,672.5,2013,M,Classic
Sewen Kristian,1982,SWE,82.95,225,160,287.5,672.5,2015,M,Classic
Fekair Rabah,1990,ALG,73.84,250,150,270,670,2015,M,Classic
Saarma Tiit,1990,EST,81.35,230,160,280,670,2015,M,Classic
Bakhirev Alexey,1981,RUS,73.4,225,167.5,277.5,670,2012,M,Classic
Berglund Per,1967,SWE,74,230,172.5,267.5,670,2013,M,Classic
Huang Lung-Hsin,1981,TPE,73.55,220,170,280,670,2013,M,Classic
Schrems Michael,1984,AUT,102.55,225,185,260,670,2013,M,Classic
Jensen Martin Faber,1982,DEN,91.15,220,170,275,665,2013,M,Classic
Ingebrigsten Fredrik,1989,NOR,90.8,220,185,260,665,2012,M,Classic
Nedashkovskiy Oleg,1978,KAZ,115.7,180,245,240,665,2013,M,Classic
Saydaliev Eldor,1989,UZB,78.9,245,135,282.5,662.5,2013,M,Classic
Haegg Tobias,1987,SWE,81.88,232.5,145,285,662.5,2015,M,Classic
Keys Marc,1985,GBR,92.75,222.5,180,260,662.5,2012,M,Classic
Fedosienko Sergey,1982,RUS,58.2,225.5,165,270.5,661,2014,M,Classic
Kubo Kyohei,1987,JPN,92.45,260,150,250,660,2012,M,Classic
Makhov Oleksandr,1990,UKR,73.56,237.5,140,280,657.5,2015,M,Classic
Baali Kader,1968,FRA,73.9,225,155,277.5,657.5,2014,M,Classic
Cooper Paul,1975,GBR,73.15,210,162.5,285,657.5,2014,M,Classic
Fedosienko Sergey,1982,RUS,58.15,226,170,260,656,2015,M,Classic
Coppenhall Matthew,1987,RSA,81.45,240,165,250,655,2014,M,Classic
Kuusnomm Aimar,1990,EST,79.95,230,165,260,655,2015,M,Classic
Sipilainen Pasi,1978,FIN,81.95,210,165,280,655,2012,M,Classic
Germanchis Timothy,1980,AUS,92.35,232.5,145,275,652.5,2012,M,Classic
Kapyshev Aman,1987,KAZ,73.88,252.5,160,240,652.5,2015,M,Classic
Nieminen Sami,1975,FIN,73.65,225,150,277.5,652.5,2013,M,Classic
Fedosienko Sergey,1982,RUS,57.6,221,160,270,651,2012,M,Classic
Savolainen Antti,1978,FIN,65.56,215,157.5,278,650.5,2015,M,Classic
Yokota Masatoshi,1989,JPN,80.48,240,150,260,650,2015,M,Classic
Rogers Robert,1989,GBR,82.62,235,152.5,262.5,650,2015,M,Classic
Nieminen Sami,1975,FIN,73.2,220,150,280,650,2012,M,Classic
Hsieh Tsung-Ting,1982,TPE,63.27,222.5,162.5,265,650,2015,M,Classic
Lutz Connor,1990,CAN,80.4,227.5,177.5,245,650,2012,M,Classic
Marron Chris,1982,CAN,92.1,210,187.5,252.5,650,2012,M,Classic
Hodgett Mark,1979,GBR,82.09,220,147.5,280,647.5,2015,M,Classic
Sipilainen Pasi,1978,FIN,73.62,210,157.5,280,647.5,2015,M,Classic
Lin Ming-Hui,1983,TPE,72.5,237.5,145,262.5,645,2013,M,Classic
Berglund Per,1967,SWE,73.8,227.5,162.5,255,645,2012,M,Classic
MacNeil Jean Derek,1971,CAN,101.75,227.5,162.5,255,645,2013,M,Classic
Andryukhin Mikhail,1970,RUS,65.9,240,137.5,265,642.5,2014,M,Classic
Jakimiuk Piotr,1987,POL,73.6,237.5,160,245,642.5,2013,M,Classic
Watson Johnathan,1990,GBR,91.76,215,147.5,280,642.5,2015,M,Classic
Kapyshev Aman,1987,KAZ,73.25,245,165,230,640,2013,M,Classic
Kawaguchi Mitsuru,1970,JPN,99.75,235,170,235,640,2012,M,Classic
Hsieh Tsung-Ting,1982,TPE,64,220,160,260,640,2012,M,Classic
Teitsson Aron,1987,ISL,82.35,230,167.5,242.5,640,2013,M,Classic
Hsieh Tsung-Ting,1982,TPE,63.4,210,165,265,640,2014,M,Classic
Lin Ming-Hui,1983,TPE,72.5,242.5,150,245,637.5,2014,M,Classic
Hidaka Tsuyoshi,1986,JPN,81.41,232.5,150,255,637.5,2015,M,Classic
Cascioli Stephen,1991,CAN,64.87,240.5,150,245,635.5,2015,M,Classic
Folman Vladimir,1989,KAZ,73.25,220,155,260,635,2013,M,Classic
Berglund Lars,1970,SWE,82.6,222.5,177.5,232.5,632.5,2012,M,Classic
Skochek Sergey,1983,RUS,65.15,205,172.5,255,632.5,2013,M,Classic
Atzaris Charalampos,1987,GRE,103.85,240,120,270,630,2012,M,Classic
Fazeli Amir,1986,AUS,82.4,215,135,280,630,2012,M,Classic
Savolainen Antti,1978,FIN,65.5,210,155,265,630,2014,M,Classic
Hubinger Corne,1981,RSA,91.85,235,140,250,625,2014,M,Classic
Curipoma Miguel,1987,ECU,73.15,225,140,260,625,2014,M,Classic
Jovicevic Andrew,1966,AUS,82.4,205,160,260,625,2014,M,Classic
Berke Jordan,1989,USA,72.85,217.5,160,245,622.5,2014,M,Classic
Skochek Sergey,1983,RUS,65.86,210,172.5,240,622.5,2015,M,Classic
Chebotar Suradzh,1977,UKR,65.6,232.5,145,242.5,620,2013,M,Classic
Ismoilov Gayrat,1987,UZB,73.3,210,157.5,252.5,620,2014,M,Classic
Lucas Helmke,1989,AUS,73.8,215,165,240,620,2014,M,Classic
Inoue Yusuke,1981,JPN,66,222.5,160,235,617.5,2012,M,Classic
Jovicevic Andrew,1966,AUS,82.55,195,172.5,250,617.5,2013,M,Classic
Wojciechowski Kamil,1986,POL,81.5,195,192.5,230,617.5,2012,M,Classic
Filippoudis Paris,1982,GRE,101.55,187.5,187.5,240,615,2012,M,Classic
Cooper Paul,1975,GBR,73.4,192.5,155,265,612.5,2012,M,Classic
Schmidt Peter,1975,GER,79.3,232.5,142.5,235,610,2013,M,Classic
Kuramshin Alexandr,1986,KAZ,65.66,225,145,240,610,2015,M,Classic
Jakimiuk Piotr,1987,POL,73.55,220,150,240,610,2012,M,Classic
Mdivnishvili Irakli,1980,UKR,72.2,200,162.5,247.5,610,2012,M,Classic
Miller Ryan,1985,RSA,82,190,165,255,610,2014,M,Classic
Knudsen Andreas,1983,DEN,92,220,167.5,220,607.5,2012,M,Classic
Skochek Sergey,1983,RUS,65.75,210,167.5,230,607.5,2014,M,Classic
Sattarov Timur,1982,TKM,96.35,220,207.5,180,607.5,2013,M,Classic
Kolbin Alexander,1987,RUS,58.62,210,142.5,250,602.5,2015,M,Classic
Kono Ryoji,1981,JPN,82.3,207.5,150,245,602.5,2014,M,Classic
McCaffrey Paul,1979,GBR,82.3,235,135,230,600,2013,M,Classic
Rahmanow Shatlyk,1980,TKM,92.6,220,130,250,600,2013,M,Classic
Andryukhin Mikhail,1970,RUS,65.75,215,135,250,600,2012,M,Classic
Sun Yue,1989,AUS,73.92,210,140,250,600,2015,M,Classic
Savolainen Antti,1978,FIN,65.8,192.5,155,252.5,600,2013,M,Classic
Kostenko Andrey,1988,RUS,65.15,225,130,242.5,597.5,2013,M,Classic
Korshunov Pavel,1989,UZB,82.7,205,142.5,250,597.5,2013,M,Classic
Huang Hsin-Wei,1989,TPE,71.5,200,120,272.5,592.5,2012,M,Classic
Perez Cordoba Jorge,1991,ESP,72.65,205,125,262.5,592.5,2012,M,Classic
Frasquillo Shawn,1986,USA,65.05,197.5,155,240,592.5,2014,M,Classic
Lin Ming-Hui,1983,TPE,72.18,210,150,230,590,2015,M,Classic
Asaturov Sergey,1984,ARM,81.26,190,180,220,590,2015,M,Classic
Muller Jorg,1966,GER,73.25,220,125,242.5,587.5,2012,M,Classic
Schmidt Peter,1974,GER,72.6,220,135,230,585,2012,M,Classic
Ochoa Alex,1990,ECU,65.45,210,132.5,240,582.5,2014,M,Classic
Sun Yue,1989,AUS,73.55,205,137.5,240,582.5,2014,M,Classic
Frasquillo Shawn,1986,USA,72,202.5,155,225,582.5,2012,M,Classic
Frasquillo Shawn,1986,USA,65.45,195,155,232.5,582.5,2013,M,Classic
Khardin Konstantin,1968,UZB,84.5,180,125,275,580,2013,M,Classic
Janzer Sean,1984,CAN,72.07,205,130,240,575,2015,M,Classic
Harris Neville,1977,AUS,73.65,202.5,132.5,240,575,2013,M,Classic
Wszola Dariusz,1978,POL,58.3,215,152.5,205,572.5,2014,M,Classic
Gadyrmamedov Eldar,1982,TKM,73.25,200,130,240,570,2013,M,Classic
Wszola Dariusz,1978,POL,58.55,215,147.5,207.5,570,2013,M,Classic
Quispe Loayza Gabriel,1981,PER,65.2,210,132.5,225,567.5,2015,M,Classic
Wszola Dariusz,1978,POL,58.3,215,147.5,205,567.5,2015,M,Classic
Lited Etienne,1979,FRA,58.48,195,135,235,565,2015,M,Classic
Hodgett Mark,1979,GBR,81.2,177.5,137.5,250,565,2012,M,Classic
Su Chih-Lun,1984,TPE,65.7,187.5,140,235,562.5,2012,M,Classic
Nakamura Ryuji,1981,JPN,73.77,182.5,160,220,562.5,2015,M,Classic
Tyers Steven,1989,GBR,72.8,195,130,235,560,2014,M,Classic
Leon Franklin,1983,ECU,58.45,200,140,220,560,2014,M,Classic
Shimazu Yoshiyuki,1982,JPN,73.05,215,132.5,210,557.5,2013,M,Classic
Simmons Christopher,1986,GBR,64.55,187.5,140,230,557.5,2014,M,Classic
Kyriakopoulos Theodoros,1978,GRE,80.7,170,160,225,555,2012,M,Classic
Morozumi Yasuhiro,1977,JPN,65.25,185,127.5,237.5,550,2013,M,Classic
Dr Budai Balazs,1979,HUN,92.36,182.5,137.5,230,550,2015,M,Classic
Wszola Dariusz,1978,POL,57.8,202.5,145,200,547.5,2012,M,Classic
Vaskov Alexandr,1986,KAZ,65.24,195,152.5,200,547.5,2015,M,Classic
Ebihara Takaharu,1980,JPN,58.47,185,140,220,545,2015,M,Classic
Jonsson Torbjorn,1967,SWE,65.8,180,130,232.5,542.5,2012,M,Classic
Kupperstein Eric,1966,USA,58.55,187.5,100,252.5,540,2012,M,Classic
Ebihara Takaharu,1980,JPN,58.7,185,140,215,540,2014,M,Classic
Lakehal Mohamed,1982,ALG,58.5,210,110,215,535,2014,M,Classic
Luu Nghiep,1975,AUS,65.9,180,100,255,535,2014,M,Classic
Morozumi Yasuhiro,1977,JPN,65.6,185,120,230,535,2012,M,Classic
Phalatsi Jacobus,1981,RSA,64.2,185,130,220,535,2014,M,Classic
Matsunaga Kazuya,1975,JPN,64.7,180,120,230,530,2013,M,Classic
Bradwell Scott,1983,GBR,73.25,185,145,200,530,2013,M,Classic
Lakehal Mohamed,1982,ALG,59,200,110,217.5,527.5,2012,M,Classic
Dr Budai Balazs,1979,HUN,90.45,170,132.5,225,527.5,2014,M,Classic
Kupperstein Eric,1966,USA,58.75,192.5,100,230,522.5,2013,M,Classic
Luu Nghiep,1975,AUS,65.45,172.5,97.5,250,520,2012,M,Classic
Alzaabi Faisal,1978,UAE,84.95,160,180,180,520,2013,M,Classic
Gan Russell,1989,AUS,73.85,187.5,102.5,227.5,517.5,2012,M,Classic
Dear Reagan,1990,NZL,65.87,175,122.5,220,517.5,2015,M,Classic
Botha Michael,1989,RSA,64.32,172.5,140,202.5,515,2015,M,Classic
Kocharyan Levon,1985,ARM,73.63,175,155,185,515,2015,M,Classic
Myers Quentin,1986,USA,58.29,182.5,127.5,202.5,512.5,2015,M,Classic
Fredericks Remi Carlos,1985,RSA,63.3,167.5,100,235,502.5,2014,M,Classic
Osman Muhammad Hidaya,1990,SIN,65.43,182.5,110,210,502.5,2015,M,Classic
Ikegami Hiroki,1991,JPN,66.45,170,115,215,500,2012,M,Classic
Macken Xavier,1994,AUS,73.85,185,102.5,210,497.5,2012,M,Classic
Gomez Walter,1989,ECU,57.95,167.5,125,205,497.5,2014,M,Classic
Kuhns Michael,1985,USA,58.7,225,97.5,172.5,495,2012,M,Classic
Mizuno Takaaki,1967,JPN,58.5,165,130,200,495,2013,M,Classic
Jonczak Szymon,1987,POL,65.95,160,135,200,495,2012,M,Classic
Mizuno Takaaki,1967,JPN,58.6,165,125,200,490,2012,M,Classic
Kupperstein Eric,1966,USA,58.55,172.5,75,235,482.5,2014,M,Classic
Alzaabi Faisal,1978,UAE,81.45,140,175,160,475,2014,M,Classic
Jamieson Stuart,1989,GBR,57.75,155,80,225,460,2014,M,Classic
Wulffeld Thomas,1969,SWE,58.9,155,87.5,215,457.5,2012,M,Classic
Wilkes Darren,1978,GBR,63.3,150,112.5,182.5,445,2012,M,Classic
Lough Bonica,1988,USA,130.29,247.5,145.5,222.5,615.5,2015,W,Classic
Brown-Lough Bonica,1988,USA,121.8,230,112.5,217.5,560,2014,W,Classic
Pettersson Emelie,1980,SWE,110.32,215,127.5,205,547.5,2015,W,Classic
Su Fang-Yun,1992,TPE,113.68,232.5,112.5,195,540,2015,W,Classic
Strik Ielja,1973,NED,83.35,205,135,195,535,2012,W,Classic
Manaena Sonia,1961,NZL,128.3,177.5,120,236,533.5,2013,W,Classic
Strik Ielja,1973,NED,83.45,200,135.5,195,530.5,2013,W,Classic
Walford Kimberly,1978,USA,69.02,175,112.5,240.5,528,2015,W,Classic
Dukacheva Evgenia,1983,RUS,82.65,202.5,110,215,527.5,2013,W,Classic
Strik Ielja,1973,NED,83.71,197.5,136,190,523.5,2015,W,Classic
Yaroshenko Irina,1986,RUS,105.75,192.5,110,220,522.5,2012,W,Classic
O'Rouke Molly,1983,USA,102.65,185,122.5,215,522.5,2013,W,Classic
Mesheryakova Tatyana,1974,RUS,95.7,195,125,197.5,517.5,2015,W,Classic
Chang Ya-Wen,1984,TPE,91.59,215,110,190,515,2015,W,Classic
Manaena Sonia,1961,NZL,126,177.5,112.5,225,515,2012,W,Classic
Su Fang-Yun,1992,TPE,112.5,230.5,102.5,180,513,2014,W,Classic
Strik Ielja,1973,NED,83,195,127.5,190,512.5,2014,W,Classic
Walford Kimberly,1978,USA,65.25,172.5,107.5,230,510,2014,W,Classic
Castellain Ana,1985,BRA,68.15,185.5,122.5,200,508,2014,W,Classic
Su Fang-Yun,1992,TPE,107.55,230,102.5,175,507.5,2013,W,Classic
Manaena Sonia,1961,NZL,124.15,175,102.5,230,507.5,2014,W,Classic
Khoury Najat,1982,AUS,123.56,212.5,87.5,205,505,2015,W,Classic
Dukacheva Evgenia,1983,RUS,83.1,190,105,210,505,2012,W,Classic
Ananiadou Eytyhia,1987,GRE,90.3,195,95,207.5,497.5,2015,W,Classic
Zubko Sniazhana,1991,BLR,79.28,192.5,92.5,207.5,492.5,2015,W,Classic
Mesheryakova Tatyana,1974,RUS,95.4,182.5,115,190,487.5,2013,W,Classic
Davis Sebrina,1970,USA,81.08,165,100,217.5,482.5,2015,W,Classic
Thompson Jennifer,1973,USA,61.4,142.5,140.5,197.5,480.5,2015,W,Classic
Timoshchuk Valeria,1988,RUS,79.85,180,110,190,480,2014,W,Classic
Reitmann Judith,1967,URU,93.43,200,102.5,175,477.5,2015,W,Classic
Thompson Jennifer,1973,USA,60.65,142.5,137.5,197.5,477.5,2014,W,Classic
Walford Kimberly,1978,USA,62.25,157.5,97.5,221,476,2013,W,Classic
Walford Kimberly,1978,USA,61.65,142.5,105,220.5,468,2012,W,Classic
Pulsan Linda,1971,PNG,70.69,182.5,97.5,187.5,467.5,2015,W,Classic
Thompson Jennifer,1973,USA,61.6,142.5,132.5,192.5,467.5,2012,W,Classic
von Weissenberg Isabella,1989,SWE,71.3,180,92.5,192.5,465,2015,W,Classic
Piter Marzena,1989,POL,75.5,162.5,100,202.5,465,2014,W,Classic
Stinn Rhaea,1988,CAN,71.69,170,115,180,465,2015,W,Classic
Nokua Katariina,1973,FIN,103.75,190,95,177.5,462.5,2013,W,Classic
Nokua Katariina,1973,FIN,101.74,185,97.5,180,462.5,2015,W,Classic
Williams Tasha,1973,NZL,81.51,165,100,197.5,462.5,2015,W,Classic
Abduraimova Aziza,1989,KAZ,93.5,170,107.5,185,462.5,2013,W,Classic
Macnab Anna,1984,GBR,105.92,192.5,75,192.5,460,2015,W,Classic
Davis Sebrina,1970,USA,71.1,157.5,92.5,207.5,457.5,2013,W,Classic
Van Wyk Chleo,1990,AUS,80.1,160,105,192.5,457.5,2014,W,Classic
Duplooy Eileen,1983,CAN,75.41,170,92.5,192.5,455,2015,W,Classic
Kryukova Ekaterina,1985,KAZ,70.45,160,115,180,455,2013,W,Classic
Svensson Ellinor,1986,SWE,82.56,177.5,85,190,452.5,2015,W,Classic
Gilbert Jessica,1989,AUS,77.9,170,107.5,175,452.5,2014,W,Classic
Filimonova Inna,1976,RUS,59.8,177.5,92.5,180,450,2013,W,Classic
Kankus Johanna,1984,FIN,76.03,175,105,170,450,2015,W,Classic
Filimonova Inna,1976,RUS,56.54,172.5,85,190,447.5,2015,W,Classic
Kankus Johanna,1984,FIN,71.5,162.5,110,175,447.5,2013,W,Classic
Robinson Tina,1967,USA,86.65,155,117.5,170,442.5,2013,W,Classic
Khan Xeniya,1987,KAZ,64.2,145,112.5,185,442.5,2013,W,Classic
Adolfsson Jenny,1982,SWE,62.54,152.5,110,177.5,440,2015,W,Classic
Adolfsson Jenny,1982,SWE,62.4,150,112.5,177.5,440,2014,W,Classic
Sellen Jenny,1976,SWE,94.84,155,95,187.5,437.5,2012,W,Classic
Macnab Anna,1984,GBR,108.75,170,82.5,180,432.5,2014,W,Classic
Tavares Cicera,1976,BRA,62.77,167.5,85,180,432.5,2015,W,Classic
Viteri Samantha,1990,ECU,106.1,160,87.5,185,432.5,2014,W,Classic
Filimonova Inna,1976,RUS,55.95,167.5,77.5,185,430,2014,W,Classic
Kankus Johanna,1984,FIN,71.05,165,102.5,160,427.5,2014,W,Classic
Piter Marzena,1989,POL,74.55,147.5,95,185,427.5,2013,W,Classic
Kankus Johanna,1984,FIN,70.95,155,102.5,167.5,425,2012,W,Classic
Clarke Kelli,1980,AUS,61.98,160,75,187.5,422.5,2015,W,Classic
Vuohijoki Anni,1988,FIN,62.48,162.5,80,180,422.5,2015,W,Classic
de Joux Ana,1979,NZL,101.84,165,82.5,175,422.5,2015,W,Classic
Tavares Cicera,1976,BRA,61.85,160,80,182.5,422.5,2014,W,Classic
Bark Josephine,1988,SWE,82.85,162.5,85,175,422.5,2012,W,Classic
Horna Ivana,1990,SVK,62.49,157.5,77.5,185,420,2015,W,Classic
Ryzhkova Anna,1986,RUS,56.65,150,95,175,420,2013,W,Classic
Vorotnikova Olga,1975,RUS,62.25,145,95,180,420,2014,W,Classic
Volkova Maria,1972,RUS,70.71,160,107.5,152.5,420,2015,W,Classic
Vorotnikova Olga,1975,RUS,61.99,142.5,95,180,417.5,2015,W,Classic
Dubenskaya Maria,1988,RUS,61.95,142.5,107.5,167.5,417.5,2014,W,Classic
Bark Josephine,1988,SWE,83.6,157.5,85,172.5,415,2013,W,Classic
Vuohijoki Anni,1988,FIN,62.95,155,90,170,415,2013,W,Classic
Bialek Magdalena,1991,POL,85.8,152.5,80,180,412.5,2012,W,Classic
Duplooy Eileen,1983,CAN,71.4,155,85,172.5,412.5,2014,W,Classic
Piter Marzena,1989,POL,70.8,137.5,85,190,412.5,2012,W,Classic
Loft Sofia,1990,SWE,51.14,147.5,92.5,172.5,412.5,2015,W,Classic
Shotton-Gale Charlotte,1983,GBR,84,155,85,170,410,2014,W,Classic
Gavina Landish,1980,RUS,60.15,142.5,97.5,170,410,2012,W,Classic
Chen Wei-Ling,1982,TPE,46.56,152.5,80,175,407.5,2015,W,Classic
Castro Rosa,1979,ECU,56.6,147.5,87.5,172.5,407.5,2014,W,Classic
Wu Hui-Chun,1986,TPE,56.63,137.5,100,170,407.5,2015,W,Classic
Htee Maria,1988,CAN,56.21,162.5,87.5,155,405,2015,W,Classic
Abdulina Vita,1967,UKR,56,152.5,85,167.5,405,2014,W,Classic
Zubkova Tatiana,1967,RUS,66.95,137.5,82.5,185,405,2012,W,Classic
Vuohijoki Anni,1988,FIN,62.75,142.5,90,172.5,405,2012,W,Classic
Lombosi Melinda,1978,HUN,115.2,132.5,112.5,160,405,2012,W,Classic
Golubeva Olga,1970,RUS,51.48,135,97.5,170,402.5,2015,W,Classic
Arvidson Karolina,1985,SWE,70.6,142.5,105,155,402.5,2013,W,Classic
Pellatt Meghan,1984,USA,61.25,137.5,77.5,182.5,397.5,2014,W,Classic
Sebastian Sandra,1986,USA,69.35,132.5,82.5,182.5,397.5,2012,W,Classic
Wu Hui-Chun,1986,TPE,56.5,130,92.5,175,397.5,2013,W,Classic
Wu Hui-Chun,1986,TPE,56.7,130,95,172.5,397.5,2012,W,Classic
Wu Hui-Chun,1986,TPE,56.3,125,97.5,175,397.5,2014,W,Classic
Bull Tanya,1983,GBR,69.85,137.5,72.5,185,395,2015,W,Classic
Chen Wei-Ling,1982,TPE,46.7,145,77.5,172.5,395,2012,W,Classic
Greene Catherine,1984,AUS,80.35,147.5,80,167.5,395,2013,W,Classic
Vavilova Yulia,1979,RUS,56.7,140,92.5,162.5,395,2012,W,Classic
Zhumaniyazova Mahriban,1988,TKM,75.8,150,105,140,395,2013,W,Classic
Richardson Louise,1977,GBR,68.25,150,70,172.5,392.5,2014,W,Classic
Thomsen Tamara,1982,GER,67.65,152.5,80,160,392.5,2014,W,Classic
Tushuizen Katie,1981,AUS,101.35,145,77.5,170,392.5,2012,W,Classic
Kostiainen Anna-Kaisa,1991,FIN,71.48,140,75,177.5,392.5,2015,W,Classic
Atemie Rachel,1991,GBR,80.8,135,75,182.5,392.5,2015,W,Classic
Vavilova Yulia,1979,RUS,56.99,145,85,162.5,392.5,2015,W,Classic
Walker Tammy,1968,USA,81.9,122.5,110,160,392.5,2012,W,Classic
Greene Catherine,1984,AUS,85,145,80,165,390,2014,W,Classic
Baij Thayse,1987,BRA,79.27,145,67.5,175,387.5,2015,W,Classic
Clarke Kelli,1980,AUS,62.35,152.5,72.5,162.5,387.5,2014,W,Classic
Arvidson Karolina,1985,SWE,71.35,140,102.5,145,387.5,2012,W,Classic
Petroczki Magdolna,1968,HUN,51.59,140,80,165,385,2015,W,Classic
Loft Sofia,1990,SWE,50.55,140,82.5,162.5,385,2014,W,Classic
Komlaeva Anna,1979,RUS,51.3,140,85,160,385,2013,W,Classic
Richardson Louise,1977,GBR,68.44,152.5,70,160,382.5,2015,W,Classic
Komlaeva Anna,1979,RUS,51.65,132.5,90,160,382.5,2012,W,Classic
Benedetto Jessica,1981,CAN,55.35,135,95,152.5,382.5,2014,W,Classic
Grandas Liimatainen Miia,1986,SWE,50.65,140,72.5,167.5,380,2014,W,Classic
Baines Kacey,1980,CAN,61.42,130,70,180,380,2015,W,Classic
Ochoa Vargas Vilma,1980,ECU,51.9,147.5,82.5,150,380,2014,W,Classic
Scott Alison,1988,CAN,62.1,135,85,160,380,2013,W,Classic
Golubeva Olga,1970,RUS,46.75,117.5,90.5,170.5,378.5,2012,W,Classic
Graham Abi,1978,GBR,62.12,125,77.5,175,377.5,2015,W,Classic
Nazarenko Svetlana,1965,KAZ,61.95,125,87.5,165,377.5,2013,W,Classic
Kamvissis Eleni,1984,SWE,71.4,142.5,77.5,155,375,2012,W,Classic
Blasbery Jacqueline,1963,GBR,77.55,135,80,160,375,2012,W,Classic
Vavilova Yulia,1979,RUS,56.8,142.5,87.5,145,375,2014,W,Classic
Engberg Helen,1983,SWE,55.65,122.5,77.5,175,375,2012,W,Classic
Hartwig-Gary Suzanne,1968,USA,51.15,150,70,152.5,372.5,2014,W,Classic
Meyer Tamara,1982,GER,68.15,142.5,72.5,157.5,372.5,2013,W,Classic
Hartwig-Gary Suzanne,1968,USA,51.55,145,80,147.5,372.5,2012,W,Classic
Benedetto Jessica,1981,CAN,58.15,137.5,90,145,372.5,2013,W,Classic
Watton Louise,1986,GBR,62.5,132.5,72.5,165,370,2013,W,Classic
Murray Louise,1988,GBR,56.84,137.5,85,147.5,370,2015,W,Classic
Freemantle Jordana,1983,GBR,67.3,135,90,145,370,2013,W,Classic
Brage Angelica,1987,SWE,56.5,115,80,175,370,2012,W,Classic
Menegucci Thais,1980,BRA,70.17,142.5,75,150,367.5,2015,W,Classic
Hartwig-Gary Suzanne,1968,USA,51.09,145,75,145,365,2015,W,Classic
Otchenashko Aleksandra,1991,BLR,46.42,140,72.5,150,362.5,2015,W,Classic
Lima Rosimery,1977,GBR,55.85,127.5,80,155,362.5,2014,W,Classic
Stuetz Silvia,1978,GER,62.59,110,82.5,170,362.5,2015,W,Classic
Murray Louise,1988,GBR,54.85,130,82.5,147.5,360,2014,W,Classic
Kriel Antoinette,1971,RSA,54.72,125,90,145,360,2015,W,Classic
Cherne Lodrina,1982,USA,56,125,67.5,165,357.5,2015,W,Classic
Stenholdt Olsen Tanja,1990,DEN,62.04,127.5,70,160,357.5,2015,W,Classic
Oja Kirsi,1975,FIN,62.7,125,75,157.5,357.5,2012,W,Classic
Yakupova Venera,1986,KAZ,51.3,115,90,152.5,357.5,2013,W,Classic
Hartwig-Gary Suzanne,1968,USA,51.65,140,75,140,355,2013,W,Classic
Grandas Liimatainen Miia,1986,SWE,50.13,125,70,160,355,2015,W,Classic
Haveson Alyssa,1988,USA,56.48,122.5,72.5,160,355,2015,W,Classic
Cherezova Margarita,1986,KAZ,56.6,130,82.5,142.5,355,2013,W,Classic
Lindberg Maria,1973,FIN,56.55,112.5,85,157.5,355,2013,W,Classic
Petroczki Magdolna,1968,HUN,50.7,125,75,152.5,352.5,2012,W,Classic
Inda Marisa,1976,USA,49.9,122.5,75,155,352.5,2014,W,Classic
Van Jaarsveld Danel,1977,RSA,61.93,127.5,80,145,352.5,2015,W,Classic
Brimboeuf Fanny,1986,FRA,54.98,125,87.5,140,352.5,2015,W,Classic
Saari Marju,1973,FIN,69.45,112.5,90,150,352.5,2012,W,Classic
Dillen Carolina,1983,NZL,62.84,125,72.5,152.5,350,2015,W,Classic
Tushuizen Katie,1981,AUS,83.5,115,72.5,162.5,350,2013,W,Classic
Rieber Joanna,1976,CAN,50.92,120,85,145,350,2015,W,Classic
Golubeva Olga,1970,RUS,46.65,120,85,145,350,2013,W,Classic
Puddicome Steph,1986,CAN,46.57,135,65,147.5,347.5,2015,W,Classic
Merifield Tarryn-Leigh,1987,RSA,68.85,122.5,65,160,347.5,2014,W,Classic
Basson Lisa,1984,RSA,62.75,110,75,162.5,347.5,2014,W,Classic
Freemantle Jordana,1983,GBR,62.55,120,87.5,140,347.5,2012,W,Classic
Stuetz Silvia,1978,GER,62.75,105,80,162.5,347.5,2014,W,Classic
Golubeva Olga,1970,RUS,46.9,115,91,140,346,2014,W,Classic
Liimatainen Miia,1986,SWE,50.45,122.5,65,157.5,345,2012,W,Classic
Guignon Lauren,1986,AUS,56.41,120,65,160,345,2015,W,Classic
Graham Abi,1978,GBR,60.65,122.5,72.5,150,345,2014,W,Classic
Furuya Noriko,1971,JPN,51.2,117.5,92.5,135,345,2013,W,Classic
Karwowska Iwona,1982,POL,82.5,127.5,67.5,147.5,342.5,2013,W,Classic
Craven Elizabeth,1975,AUS,51.4,132.5,75,135,342.5,2014,W,Classic
Rantala Hanna,1982,FIN,46.9,110,91.5,140,341.5,2015,W,Classic
Sobiech Ewelina,1989,POL,62.44,120,67.5,150,337.5,2015,W,Classic
Ripley Robin,1986,CAN,52,127.5,75,135,337.5,2015,W,Classic
Jeria Josseline,1987,AUS,62.7,110,67.5,160,337.5,2013,W,Classic
Furuya Noriko,1971,JPN,51.15,112.5,90,135,337.5,2012,W,Classic
Padgett Amanda,1987,USA,52.9,120,65,150,335,2012,W,Classic
Vahasantanen Marjaana,1976,FIN,56.76,125,70,140,335,2015,W,Classic
Bitterova Zuzana,1984,CZE,103.29,127.5,72.5,135,335,2015,W,Classic
Haveson Alyssa,1988,USA,56.2,115,70,150,335,2014,W,Classic
Graham Abi,1978,GBR,60.6,110,67.5,157.5,335,2013,W,Classic
Newton Alix,1986,AUS,55.7,125,77.5,132.5,335,2014,W,Classic
Kani Rie,1979,JPN,46.36,110,72.5,152.5,335,2015,W,Classic
Higgs Jasmine,1980,AUS,56.45,110,80,145,335,2012,W,Classic
Stevens Bronwyn,1970,NZL,56.9,130,65,137.5,332.5,2014,W,Classic
Zhukovska Nataliia,1981,UKR,62.35,120,80,130,330,2013,W,Classic
Sakuyama Yuko,1987,JPN,55.95,115,90,125,330,2014,W,Classic
Brown Amanda,1978,AUS,56.35,110,65,152.5,327.5,2015,W,Classic
Evangelista Leslie,1981,PHI,46.78,110,65,152.5,327.5,2015,W,Classic
Jones Jess,1958,GBR,53.7,105,67.5,155,327.5,2012,W,Classic
Prokhorova Kseniya,1983,UKR,57,110,77.5,140,327.5,2013,W,Classic
Higgs Jasmine,1980,AUS,56.75,100,77.5,150,327.5,2013,W,Classic
Hayashi Hisako,1951,JPN,61.69,120,70,135,325,2015,W,Classic
Sadler Jenna,1984,GBR,71.85,100,65,160,325,2012,W,Classic
Kani Rie,1979,JPN,46.5,107.5,72.5,145,325,2014,W,Classic
Prokhorova Kseniya,1983,UKR,56.95,110,82.5,132.5,325,2014,W,Classic
Bogdanova Marianna,1983,EST,56.59,115,62.5,145,322.5,2015,W,Classic
Colter Shelley,1963,CAN,114.35,107.5,72.5,142.5,322.5,2013,W,Classic
Puddicome Steph,1986,CAN,46.05,115,52.5,152.5,320,2014,W,Classic
Suzuki Kyoko,1977,JPN,66.2,125,60,135,320,2014,W,Classic
Legard Stephanie,1981,FRA,46.1,115,70,135,320,2014,W,Classic
Sandu Jackie,1956,CAN,51.3,100,62.5,155,317.5,2012,W,Classic
Sandvik Marcela,1974,FIN,51.55,102.5,80,135,317.5,2012,W,Classic
Gibson Carolyn,1960,GBR,107.8,100,55,160,315,2012,W,Classic
Wendlandt Mareen,1991,GER,51.4,115,65,135,315,2012,W,Classic
Sadler Jenna,1984,GBR,71.9,100,65,150,315,2013,W,Classic
Prokhorova Kseniya,1983,UKR,56.25,107.5,75,132.5,315,2012,W,Classic
Gulmurzayeva Bibidjan,1988,TKM,51.5,105,75,135,315,2013,W,Classic
Van Staden Minako,1984,JPN,50.9,90,70,155,315,2012,W,Classic
Le Panse Benedicte,1978,FRA,46.75,110,70,132.5,312.5,2015,W,Classic
Higgs Jasmine,1980,AUS,51.7,102.5,75,135,312.5,2015,W,Classic
Coetzer Candice,1985,RSA,67,110,55,145,310,2014,W,Classic
Hinchley Megan,1981,AUS,51.21,115,62.5,132.5,310,2015,W,Classic
Macken Mary,1961,AUS,46.6,112.5,55,140,307.5,2012,W,Classic
Kaneko Mutsumi,1986,JPN,67.5,120,67.5,120,307.5,2015,W,Classic
Sirkia Mervi,1972,FIN,51.75,92.5,72.5,142.5,307.5,2013,W,Classic
Stephens Susan,1968,USA,56.4,107.5,67.5,130,305,2013,W,Classic
Kani Rie,1979,JPN,46.6,102.5,67.5,135,305,2013,W,Classic
Plaaitjies Seritha,1982,RSA,56.15,95,65,142.5,302.5,2014,W,Classic
Kriel Antoinette,1971,RSA,51.75,100,72.5,130,302.5,2013,W,Classic
Kulinenko Nataliia,1974,UKR,46.85,95,75,132.5,302.5,2013,W,Classic
Hunter Jennifer,1958,GBR,51.95,90,72.5,140,302.5,2012,W,Classic
Martin Yvelise,1982,FRA,46.6,105,70,125,300,2013,W,Classic
Macken Mary,1961,AUS,46.7,110,55,132.5,297.5,2013,W,Classic
Martin Yvelise,1982,FRA,46.6,105,70,122.5,297.5,2014,W,Classic
Wilson Ilona,1977,RSA,56.1,105,42.5,147.5,295,2014,W,Classic
Kvist Helena,1974,FIN,56.5,102.5,62.5,130,295,2012,W,Classic
Craven Elizabeth,1975,AUS,51,102.5,65,127.5,295,2013,W,Classic
Muto Giulia,1987,RSA,51.35,112.5,55,120,287.5,2015,W,Classic
Premji Suzan,1984,NZL,53.74,95,60,132.5,287.5,2015,W,Classic
Zigler Ana,1987,USA,46.15,97.5,57.5,130,285,2013,W,Classic
Polizzano Kristi,1992,USA,51.2,100,65,120,285,2012,W,Classic
Teramura Mika,1962,JPN,53.5,90,65,127.5,282.5,2012,W,Classic
Rebecca Heath,1977,GBR,45.55,97.5,60,122.5,280,2015,W,Classic
Gomez Kelly,1980,AUS,51.25,85,52.5,140,277.5,2013,W,Classic
Movlamova Sahragul,1978,TKM,45.95,92.5,70,112.5,275,2013,W,Classic
Okudo Chika,1991,JPN,57.65,85,65,125,275,2012,W,Classic
Sugo Momoko,1990,JPN,52.05,92.5,60,120,272.5,2012,W,Classic
Van Heerden Farana,1988,RSA,47.7,105,40,125,270,2014,W,Classic
Smoot Priscilla,1979,AUS,46.15,90,55,125,270,2014,W,Classic
Geitner Ana,1967,GER,42.95,90,45,132.5,267.5,2013,W,Classic
Ip Wing-Yuk,1961,HKG,61.35,95,60,112.5,267.5,2012,W,Classic
Geitner Ana,1967,GER,42.15,90,40,135,265,2012,W,Classic
Krumina Zane,1990,LAT,56.84,100,55,110,265,2015,W,Classic
Casey Mariska,1978,RSA,45.68,92.5,50,120,262.5,2015,W,Classic
Ylinen Milla,1976,FIN,56.75,110,60,90,260,2015,W,Classic
Arnold Cydney,1993,CAN,61.1,92.5,52.5,115,260,2012,W,Classic
Hart Tessa,1986,GBR,46.25,82.5,52.5,120,255,2014,W,Classic
Cornwall Marina,1954,GBR,45.4,72.5,50,117.5,240,2013,W,Classic
Cornwall  Marina,1954,GBR,44.55,70,50,117.5,237.5,2012,W,Classic
Nakada Yoshimi,1971,JPN,46.7,70,52.5,110,232.5,2013,W,Classic
Nakada Yoshimi,1971,JPN,46.35,72.5,57.5,95,225,2012,W,Classic
Lyons Rae-Leigh,1991,AUS,50.65,72.5,45,95,212.5,2012,W,Classic
Christensen Carl Yngvar,1990,NOR,168.02,490,350,390,1230,2014,M,Open
Konovalov Andrey,1986,RUS,162,467.5,355,365,1187.5,2013,M,Open
Konovalov Andrey,1986,RUS,160.95,470,357.5,350,1177.5,2015,M,Open
Christensen Carl Yngvar,1990,NOR,164,475,330,370,1175,2013,M,Open
Testsov Viktor,1989,UKR,143.2,445,370,355,1170,2013,M,Open
Sumner Blaine,1987,USA,167.27,455,365,345,1165,2015,M,Open
Cappellino Joseph,1988,USA,170.52,447.5,337.5,362.5,1147.5,2015,M,Open
Testsov Viktor,1989,UKR,137.94,435,357.5,355,1147.5,2012,M,Open
Konovalov Andrey,1986,RUS,162.45,460,340,345,1145,2012,M,Open
Christensen Carl Yngvar,1990,NOR,163.47,445,330,357.5,1132.5,2012,M,Open
Baartvedt Hans Magne,1983,NOR,168.7,410,337.5,362.5,1110,2015,M,Open
Bychkov Oleksiy,1985,UKR,116.58,415,317.5,362.5,1095,2015,M,Open
Svistunov Volodymyr,1987,UKR,160.06,442.5,320,330,1092.5,2012,M,Open
Cappellino Joseph,1988,USA,163.5,407.5,332.5,352.5,1092.5,2013,M,Open
Baardtvet Hans Magne,1983,NOR,159.5,405,325,352.5,1082.5,2013,M,Open
Bilican Orhan,1978,BEL,119.83,420,330,327.5,1077.5,2015,M,Open
Rokochiy Oleksiy,1981,UKR,119.5,412.5,295,367.5,1075,2013,M,Open
Sandvik Kenneth,1975,FIN,141.6,412.5,342.5,320,1075,2013,M,Open
Sandvik Kenneth,1975,FIN,141.8,415,345,312.5,1072.5,2014,M,Open
Spingl Milan,1980,CZE,146.47,440,310,320,1070,2012,M,Open
Rokochiy Oleksiy,1981,UKR,119.91,412.5,312.5,345,1070,2015,M,Open
Yeshmakhanov Nurlan,1990,KAZ,113.58,400,310,360,1070,2015,M,Open
Sumner Blaine,1987,USA,158.27,440,295,332.5,1067.5,2012,M,Open
Roenning Martin,1984,NOR,164.33,405,352.5,310,1067.5,2015,M,Open
Sandvik Kenneth,1975,FIN,140.22,412.5,342.5,310,1065,2012,M,Open
Hristov Ivaylo,1979,BUL,119.26,410,305,347.5,1062.5,2014,M,Open
Sandvik Kenneth,1975,FIN,143.56,402.5,357.5,302.5,1062.5,2015,M,Open
Rokochiy Oleksiy,1981,UKR,118.98,400,300,355,1055,2014,M,Open
Barkhatov Maxim,1981,RUS,119.91,410,282.5,360,1052.5,2012,M,Open
Dovganyuk Vadym,1987,UKR,104.92,402.5,323,325,1050.5,2013,M,Open
Jonsson Audunn,1972,ISL,138.83,412.5,275,362.5,1050,2012,M,Open
Hristov Ivaylo,1979,BUL,118.31,405,305,340,1050,2012,M,Open
Bychkov Oleksiy,1985,UKR,111.8,385,300,365,1050,2014,M,Open
Dovganyuk Vadym,1987,UKR,104.16,410,320,320,1050,2014,M,Open
Svensson Fredrik,1979,SWE,147.3,372.5,355,322.5,1050,2013,M,Open
Coimbra Anibal,1972,LUX,104.39,400,260,387.5,1047.5,2012,M,Open
Lebedko Konstantin,1981,RUS,104.74,400,295,352.5,1047.5,2012,M,Open
Bowring Dean,1974,GBR,119.52,395,297.5,352.5,1045,2014,M,Open
Belkin Yury,1990,RUS,102.78,405,280,357.5,1042.5,2014,M,Open
Grabowski Daniel,1986,POL,118.94,415,275,350,1040,2014,M,Open
Lebedko Konstantin,1981,RUS,103.62,405,285,347.5,1037.5,2013,M,Open
Semenenko Dmytro,1988,UKR,104.69,415.5,275,345,1035.5,2015,M,Open
Dovganyuk Vadym,1987,UKR,104.42,410,315,310,1035,2012,M,Open
Svensson Fredrik,1979,SWE,150.9,370,360,305,1035,2014,M,Open
Karpov Valeriy,1984,UKR,118.92,405,295,332.5,1032.5,2012,M,Open
Lebedko Konstantin,1981,RUS,104.14,395,290,347.5,1032.5,2014,M,Open
Cliffe Tony,1984,GBR,118.93,390,292.5,350,1032.5,2015,M,Open
Coimbra Anibal,1972,LUX,102.95,400,265,365,1030,2013,M,Open
Lupac David,1991,CZE,138.2,425,282.5,322.5,1030,2013,M,Open
Yeshmakhanov Nurlan,1990,KAZ,112.68,400,280,350,1030,2014,M,Open
Walgermo Stian,1988,NOR,104.54,390,290,350,1030,2015,M,Open
Bowring Dean,1974,GBR,119.96,400,277.5,350,1027.5,2013,M,Open
Weite Nicholas,1979,USA,118.54,395,265,365,1025,2014,M,Open
Bilican Orhan,1978,BEL,119.05,425,300,300,1025,2013,M,Open
Bilyi Sergii,1990,UKR,92.15,387.5,285,350,1022.5,2015,M,Open
Omland Tor Herman,1977,NOR,117.89,397.5,295,327.5,1020,2012,M,Open
Inzarkin Dmitry,1987,RUS,92.06,380,287.5,350,1017.5,2015,M,Open
Soukal Jaroslav,1972,CZE,166.25,385,345,285,1015,2015,M,Open
Hansen Jorgen,1986,NOR,119.52,402.5,267.5,342.5,1012.5,2012,M,Open
Belkesir Sofiane,1984,FRA,104.7,385,267.5,360,1012.5,2015,M,Open
Koch Kevin,1979,GER,160.8,370,352.5,290,1012.5,2015,M,Open
Hassanin Ahmed,1985,EGY,179.9,455,250,300,1005,2013,M,Open
Hjelmtveit Andreas,1983,NOR,110.95,395,235,375,1005,2015,M,Open
Inzarkin Dmitry,1987,RUS,91.7,372.5,287.5,340,1000,2014,M,Open
Fossdal Sigfus,1983,ISL,169.7,360,330,310,1000,2014,M,Open
Walgermo Stian,1988,NOR,104.38,375,272.5,350,997.5,2014,M,Open
Bulanyy Mikhaylo,1975,UKR,92.42,380,257.5,355,992.5,2014,M,Open
Bilyi Sergii,1990,UKR,92.6,377.5,275,337.5,990,2014,M,Open
Hansen Jorgen,1986,NOR,118.82,395,265,327.5,987.5,2014,M,Open
Belkesir Sofiane,1984,FRA,104.48,365,262.5,360,987.5,2014,M,Open
Kondraschow Jewgenij,1983,GER,144.65,375,265,345,985,2012,M,Open
Mann Steve,1975,USA,119.74,392.5,287.5,305,985,2012,M,Open
Stinn Ryan,1981,CAN,134.2,372.5,275,337.5,985,2014,M,Open
Mann Steve,1975,USA,119.55,390,295,300,985,2013,M,Open
Schouten William,1975,ISV,137.06,422.5,240,320,982.5,2012,M,Open
Hansen Jorgen,1986,NOR,114.26,390,255,337.5,982.5,2013,M,Open
Bulanyy Mikhaylo,1975,UKR,92.65,372.5,260,350,982.5,2013,M,Open
Kuvambayev Zalim,1986,KAZ,103.65,380,277.5,325,982.5,2015,M,Open
Martikainen Jari,1975,FIN,144.65,375,250,355,980,2015,M,Open
Bilyi Sergii,1990,UKR,92.4,365,277.5,337.5,980,2013,M,Open
Kondraschow Jewgenij,1983,GER,143.3,362.5,277.5,340,980,2015,M,Open
Snijders Jordy,1986,NED,119.1,355,310,310,975,2015,M,Open
Bulanyy Mikhaylo,1975,UKR,92.59,370,260,342.5,972.5,2015,M,Open
Nieves Lazaro,1977,PUR,130.4,357.5,277.5,335,970,2014,M,Open
Eikeland Kristoffer,1989,NOR,104.02,350,282.5,337.5,970,2014,M,Open
Macdonald John,1983,CAN,118.68,370,280,315,965,2014,M,Open
Ovsonka Peter,1982,SVK,118.84,390,247.5,325,962.5,2014,M,Open
Walgermo Stian,1988,NOR,104.38,375,262.5,325,962.5,2013,M,Open
Jonsson Audunn,1972,ISL,119.82,365,260,337.5,962.5,2014,M,Open
Bulanyy Mikhaylo,1975,UKR,92.92,377.5,245,337.5,960,2012,M,Open
Eikeland Kristoffer,1989,NOR,104.49,352.5,285,322.5,960,2015,M,Open
Conner Charles,1989,USA,102.45,372.5,305,282.5,960,2015,M,Open
Meyer Quintin,1991,USA,118.26,370,272.5,315,957.5,2015,M,Open
Castillo Jose,1986,ECU,82.54,377.5,247.5,330,955,2014,M,Open
Mashintcov Sergey,1987,RUS,92.82,372.5,247.5,335,955,2013,M,Open
Rivera Carlos,1982,PUR,118.62,375,272.5,307.5,955,2014,M,Open
Bell Ian,1992,USA,91.88,372.5,210,370,952.5,2014,M,Open
Coimbra David,1983,BRA,91.94,360,242.5,350,952.5,2014,M,Open
Ringoot Steve,1989,BEL,133.7,370,260,320,950,2015,M,Open
Mashintcov Sergey,1987,RUS,92.72,365,260,325,950,2014,M,Open
Kondraschow Jewgenij,1983,GER,140.26,350,267.5,332.5,950,2014,M,Open
Van den Hoek Pjotr,1972,NED,103.38,355,287.5,307.5,950,2015,M,Open
Bilyi Sergii,1990,UKR,92.52,362.5,260,322.5,945,2012,M,Open
Sarafimov Zdravko,1984,BUL,92.66,352.5,255,337.5,945,2012,M,Open
Bakkelund Kjell Egil,1988,NOR,82.58,352.5,252.5,337.5,942.5,2013,M,Open
Wegiera Jan,1965,POL,91.48,360,290,292.5,942.5,2014,M,Open
Ube Joe,1982,ECU,141,405,260,275,940,2013,M,Open
Souza Eumenes,1972,BRA,151.52,385,260,295,940,2014,M,Open
Mencias Jose,1987,VEN,103.93,355,252.5,332.5,940,2012,M,Open
Coimbra David,1983,BRA,92.15,337.5,250,352.5,940,2015,M,Open
Naniev Andriy,1984,UKR,82.58,357.5,265,317.5,940,2015,M,Open
Hjelmtveit Andreas,1983,NOR,107.42,360,217.5,360,937.5,2014,M,Open
Rysiyev Volodymyr,1982,UKR,82.66,347.5,257.5,332.5,937.5,2015,M,Open
Eikeland Kristoffer,1989,NOR,103.69,332.5,275,330,937.5,2013,M,Open
Silbaum Margus,1976,EST,93,350,235,350,935,2015,M,Open
Harsany Tomas,1982,SVK,104.03,350,240,345,935,2015,M,Open
Sahota Ranbir,1983,GBR,125.08,380,222.5,327.5,930,2015,M,Open
Singh-Sahota Rangbir,1983,GBR,123.8,380,217.5,330,927.5,2013,M,Open
Walgermo Stian,1988,NOR,104.23,365,242.5,320,927.5,2012,M,Open
Harsany Tomas,1982,SVK,104.27,350,247.5,330,927.5,2013,M,Open
Stendebach Sascha,1991,GER,92,337.5,255,335,927.5,2015,M,Open
Vasyukov Eugeniy,1985,RUS,82.68,360,245,320,925,2012,M,Open
Yarullin Ruslan,1982,KAZ,92.54,342.5,252.5,330,925,2014,M,Open
Wegiera Jan,1965,POL,92.92,340,295,290,925,2015,M,Open
Sorokin Alexey,1985,RUS,82.37,375,240,307.5,922.5,2015,M,Open
Rysiyev Volodymyr,1982,UKR,82.7,357.5,245,320,922.5,2013,M,Open
Hamson John,1990,GBR,104.76,350,245,327.5,922.5,2014,M,Open
Pullinen Sami,1983,FIN,119.9,340,285,295,920,2012,M,Open
Coimbra David,1983,BRA,92.55,355,235,327.5,917.5,2013,M,Open
Palmer Robert,1982,GBR,91.83,362.5,262.5,292.5,917.5,2015,M,Open
Rysiyev Volodymyr,1982,UKR,82.98,345,250,322.5,917.5,2014,M,Open
Turesson Patrik,1974,SWE,92.44,362.5,232.5,320,915,2012,M,Open
Silbaum Margus,1976,EST,92.9,355,230,330,915,2013,M,Open
Joskowski Jan,1991,POL,104.2,340,230,345,915,2015,M,Open
Naniev Andriy,1984,UKR,82.32,360,247.5,307.5,915,2012,M,Open
Lange Martin,1987,GER,104.23,357.5,252.5,305,915,2015,M,Open
Ringoot Steve,1989,BEL,135.2,357.5,252.5,305,915,2014,M,Open
Kristiansen Mathias,1985,DEN,119.64,362.5,257.5,295,915,2014,M,Open
Stinn Ryan,1981,CAN,132.7,357.5,272.5,285,915,2013,M,Open
Wegiera Jan,1965,POL,89.96,345,290,280,915,2013,M,Open
Kasparek Gernot,1975,AUT,119.38,330,300,285,915,2015,M,Open
Ovsonka Peter,1982,SVK,104.36,372.5,227.5,312.5,912.5,2013,M,Open
Johnson Gregory,1990,USA,99.14,357.5,220,335,912.5,2015,M,Open
Sarik Tomas,1975,CZE,104.93,345,232.5,335,912.5,2012,M,Open
Rivera Carlos,1982,PUR,119.2,355,257.5,300,912.5,2013,M,Open
Akutsu Takahito,1982,JPN,102.69,340,270,302.5,912.5,2015,M,Open
Rysiyev Volodymyr,1982,UKR,82.33,357.5,235,317.5,910,2012,M,Open
Harsany Tomas,1982,SVK,104.42,345,230,335,910,2012,M,Open
Porras Marco,1982,MEX,114.45,360,250,300,910,2014,M,Open
Wegiera Jan,1965,POL,92.36,340,300,270,910,2012,M,Open
Naniev Andriy,1984,UKR,82.7,345,260.5,302.5,908,2013,M,Open
Rivera Carlos,1982,PUR,118.56,350,245,312.5,907.5,2012,M,Open
Banks Benjamin,1984,GBR,117.11,320,260,327.5,907.5,2012,M,Open
Krejca Zbynek,1974,CZE,119.33,330,297.5,280,907.5,2013,M,Open
Olech Jaroslaw,1974,POL,73.32,367.5,217.5,320,905,2013,M,Open
Ahmed Fahmy,1989,EGY,118.95,350,220,335,905,2013,M,Open
Porras Marco,1982,MEX,114.75,360,235,310,905,2012,M,Open
Sahota Ranbir,1983,GBR,119.68,350,230,325,905,2014,M,Open
Souza Eumenes,1972,BRA,155.6,365,260,280,905,2013,M,Open
Kristensen Mathias,1985,DEN,119.66,340,250,315,905,2013,M,Open
Naniev Andriy,1984,UKR,82.4,335,260,310,905,2014,M,Open
Castillo Jose,1986,ECU,83,350,230,322.5,902.5,2012,M,Open
Sorokin Alexey,1985,RUS,82.83,365,225,310,900,2012,M,Open
Bakkelund Kjell Egil,1988,NOR,82,342.5,245,312.5,900,2012,M,Open
Anuar Ulan,1993,KAZ,82.48,330,240,330,900,2014,M,Open
Van Heesvelde Jeroen,1990,BEL,104.45,335,252.5,312.5,900,2015,M,Open
Wollan Endre,1989,NOR,105.32,330,260,310,900,2013,M,Open
Van den Hoek Pjotr,1972,NED,92.67,335,265,300,900,2013,M,Open
Snijders Jordy,1986,NED,119.63,335,270,295,900,2013,M,Open
Krejca Zbynek,1974,CZE,118.86,340,275,285,900,2012,M,Open
Bast Jan,1977,GER,92.58,327.5,265,307.5,900,2014,M,Open
Douglas Paul,1989,USA,82.56,355,220,322.5,897.5,2015,M,Open
Souza Eumenes,1972,BRA,152.9,372.5,240,285,897.5,2015,M,Open
Ovsonka Peter,1982,SVK,104.45,370,220,305,895,2012,M,Open
Castillo Jose,1986,ECU,82.9,360,227.5,307.5,895,2013,M,Open
Lange Martin,1987,GER,104.34,347.5,230,317.5,895,2014,M,Open
Palmer Robert,1982,GBR,90.5,340,255,300,895,2013,M,Open
Bak Sune,1974,DEN,104.3,330,250,312.5,892.5,2012,M,Open
Bast Jan,1977,GER,92.85,327.5,260,305,892.5,2013,M,Open
Petkov Rostislav,1988,BUL,73.54,322.5,241,327.5,891,2012,M,Open
Fowler Ryan,1982,CAN,135.1,340,250,300,890,2014,M,Open
Bak Sune,1974,DEN,104.27,325,252.5,312.5,890,2013,M,Open
Stinn Ryan,1981,CAN,131.96,327.5,267.5,295,890,2012,M,Open
Conner Charles,1989,USA,92.5,330,280,280,890,2013,M,Open
Macdonald John,1983,CAN,104.96,340,225,322.5,887.5,2012,M,Open
Huber Alexander,1990,AUT,89.7,345,240,302.5,887.5,2014,M,Open
Nieves Lazaro,1977,PUR,125.2,337.5,240,310,887.5,2013,M,Open
Bast Jan,1977,GER,92.26,325,265,297.5,887.5,2012,M,Open
Sorokin Alexey,1985,RUS,82.68,362.5,232.5,290,885,2013,M,Open
Olech Jaroslaw,1974,POL,73.32,360,212.5,310,882.5,2014,M,Open
Olech Jaroslaw,1974,POL,72.85,360,212.5,310,882.5,2015,M,Open
Souza Eumenes,1972,BRA,141.09,350,240,290,880,2012,M,Open
Akutsu Takahito,1982,JPN,102.14,330,260,290,880,2013,M,Open
Olech Jaroslaw,1974,POL,72.99,355,210,310,875,2012,M,Open
Ricks David,1959,USA,91.63,345,225,305,875,2012,M,Open
Maatta Tomi,1982,FIN,104.55,350,235,290,875,2015,M,Open
Schollbach Mike,1981,GER,100.55,345,237.5,292.5,875,2015,M,Open
Jaimes Luis,1989,USA,104.66,330,265,280,875,2012,M,Open
Nieves Lazaro,1977,PUR,126.98,317.5,235,317.5,870,2012,M,Open
Akutsu Takahito,1982,JPN,101.37,325,245,300,870,2012,M,Open
Bataa Chimedtseren,1981,MGL,119.47,300,317.5,250,867.5,2015,M,Open
Gaishinetc Sergei,1986,RUS,72.9,340,202.5,322.5,865,2015,M,Open
Leberwurst Franz,1969,AUT,113.45,345,210,310,865,2012,M,Open
Collart Jean-Luc,1959,BEL,118.95,350,220,295,865,2012,M,Open
Campos Murillo Carlos Ma,1979,CRC,125.94,335,220,310,865,2012,M,Open
Ringoot Steve,1989,BEL,135.4,345,250,270,865,2013,M,Open
Kirketeig Alexander,1979,NOR,92.65,330,255,280,865,2015,M,Open
Hentschel Andre,1984,GER,92.52,322.5,250,292.5,865,2013,M,Open
Coimbra David,1983,BRA,91.59,335,207.5,320,862.5,2012,M,Open
Smith Johan,1991,RSA,104.7,337.5,225,300,862.5,2012,M,Open
Schollbach Mike,1981,GER,97.32,335,232.5,295,862.5,2014,M,Open
Jandorek Andreas,1985,AUT,92.58,322.5,237.5,302.5,862.5,2014,M,Open
Kubo Kyohei,1987,JPN,93,340,270,252.5,862.5,2015,M,Open
Derstine Maliek,1988,USA,82.32,320,255,285,860,2014,M,Open
Palmer Robert,1982,GBR,82.87,332.5,230,295,857.5,2012,M,Open
Duarte Luciano,1975,BRA,101.56,350,220,285,855,2014,M,Open
Hall Scott,1978,AUS,139.46,340,215,300,855,2015,M,Open
Akutsu Takahito,1982,JPN,102.02,315,255,285,855,2014,M,Open
Glueck Markus,1990,AUT,104.39,342.5,232.5,277.5,852.5,2015,M,Open
Kabisch Sascha,1988,GER,119.05,290,247.5,315,852.5,2013,M,Open
Douglas Knute,1989,USA,82.91,340,190,320,850,2012,M,Open
Vasilev Todor,1978,BUL,82.53,325,200,325,850,2012,M,Open
Morgan Randolph,1978,GUY,82.07,300,220,330,850,2012,M,Open
Ahmed Mohamed,1985,EGY,117.14,300,240,310,850,2013,M,Open
Horiguchi Yosuke,1993,JPN,92.39,300,280,270,850,2015,M,Open
Banks Benjamin,1984,GBR,112.25,290,252.5,305,847.5,2013,M,Open
Nascimento Claudemiro,1970,BRA,119.14,355,190,300,845,2014,M,Open
Salgado Romel,1989,ECU,114.62,345,222.5,275,842.5,2014,M,Open
Gaishinetc Sergei,1986,RUS,73.16,310,207.5,325,842.5,2014,M,Open
Arakawa Takayuki,1978,JPN,90.4,305,240,295,840,2014,M,Open
Burgos Ramon,1987,PUR,92.8,320,180,337.5,837.5,2012,M,Open
Varchola Pavol,1978,SVK,92.83,325,200,312.5,837.5,2012,M,Open
Garcia Gabriel,1975,MEX,91.28,320,237.5,280,837.5,2014,M,Open
Silva Marcelo,1984,BRA,82.7,310,252.5,275,837.5,2014,M,Open
Grenier Allan,1990,FRA,92.99,315,240,280,835,2015,M,Open
Barannik Mykola,1989,UKR,73.73,325,230,277.5,832.5,2015,M,Open
Rook Niels,1988,NED,138.29,325,215,290,830,2012,M,Open
Jaimes Luis,1989,USA,92.49,305,245,280,830,2013,M,Open
Derstine Maliek,1988,USA,73.72,310,222.5,295,827.5,2012,M,Open
Arakawa Takayuki,1978,JPN,89.6,307.5,230,290,827.5,2013,M,Open
Nielsen Henrik,1984,DEN,92.2,330,212.5,282.5,825,2012,M,Open
Arakawa Takayuki,1978,JPN,87.76,310,225,290,825,2012,M,Open
Khuder Enkhbold,1985,MGL,101.36,320,250,255,825,2013,M,Open
Pardo Idelfonso,1973,MEX,101.77,307.5,247.5,270,825,2012,M,Open
Goriachok Anatolii,1979,UKR,73.54,300,197.5,323,820.5,2014,M,Open
Kobayakawa Wataru,1975,JPN,82.2,322.5,207.5,290,820,2015,M,Open
Salgado Romel,1989,ECU,118.1,330,217.5,270,817.5,2013,M,Open
Ebeed Mina,1988,EGY,159,250,215,352.5,817.5,2013,M,Open
Goriachok Anatolii,1979,UKR,73.77,305,197.5,312.5,815,2013,M,Open
Wagner Hubert,1981,GER,82.8,300,212.5,302.5,815,2013,M,Open
Huang Lung-Hsin,1981,TPE,73.63,285,215,312.5,812.5,2013,M,Open
Mori Masahiro,1972,JPN,82.53,305,237.5,270,812.5,2012,M,Open
Jame David,1981,AUS,104.1,320,175,315,810,2012,M,Open
Curth Vincent,1991,GER,81.47,337.5,210,262.5,810,2015,M,Open
Gladkikh Sergey,1989,RUS,65.94,315,205,290,810,2012,M,Open
Picot-Gueraud Romain,1987,FRA,82.2,317.5,207.5,285,810,2012,M,Open
Sanasi Simone,1982,ITA,83,302.5,200,307.5,810,2015,M,Open
Van Melis Floris,1981,NED,104.02,310,227.5,272.5,810,2013,M,Open
Campos Murillo Carlos Ma,1979,CRC,103.64,300,190,317.5,807.5,2014,M,Open
Roelvaag Kim-Raino,1986,NOR,73.91,310,230,267.5,807.5,2015,M,Open
Prokopenko Andrey,1988,KAZ,73.23,297.5,225,285,807.5,2015,M,Open
Kondraschow Jewgenij,1983,GER,142.9,345,125,335,805,2013,M,Open
Love Robert,1977,GBR,91.66,322.5,192.5,290,805,2015,M,Open
Kubo Kyohei,1987,JPN,92.72,355,215,235,805,2012,M,Open
Batsukh Gantulga,1981,MGL,114.2,330,215,260,805,2014,M,Open
Srsen Jaromir,1974,CZE,96,300,215,290,805,2012,M,Open
Silva Marcelo,1984,BRA,83,305,240,260,805,2012,M,Open
Tepper Eduard,1979,GER,82.13,280,225,300,805,2012,M,Open
Tapia Luis,1968,PUR,82.22,340,197.5,265,802.5,2012,M,Open
Silva Marcelo,1984,BRA,82.65,285,242.5,275,802.5,2015,M,Open
Love Robert,1977,GBR,92.7,325,187.5,287.5,800,2012,M,Open
Campos Murillo Carlos Ma,1979,CRC,104.27,310,180,310,800,2015,M,Open
Huang Lung-Hsin,1981,TPE,73.91,285,210,305,800,2012,M,Open
Danilov Konstantin,1986,RUS,65.24,326,185,287.5,798.5,2013,M,Open
Gladkikh Sergey,1989,RUS,65.45,310,205,282.5,797.5,2013,M,Open
Danilov Konstantin,1986,RUS,65.24,325,200,270,795,2015,M,Open
Ziffle Aaron,1981,CAN,92.6,312.5,212.5,265,790,2014,M,Open
Garcia Gabriel,1975,MEX,90.82,295,215,280,790,2012,M,Open
Van Haaren Piet,1963,NED,91.78,315,170,300,785,2013,M,Open
El Belghitti Hassan,1975,FRA,72.19,300,180,305,785,2013,M,Open
Walton Nathan,1976,USA,73.8,275,202.5,307.5,785,2014,M,Open
Danilov Konstantin,1986,RUS,65.58,312.5,190,280,782.5,2014,M,Open
Gladkikh Sergey,1989,RUS,65.62,300,207.5,275,782.5,2015,M,Open
Meiyanto Doni,1989,INA,72.2,300,160,320,780,2013,M,Open
Jhang You-Si,1994,TPE,82.35,285,170,325,780,2013,M,Open
Oishi Eric,1979,BRA,72.95,312.5,207.5,260,780,2012,M,Open
Gonzalez Antonio,1971,PUR,98.91,307.5,200,270,777.5,2012,M,Open
Tapia Luis,1968,PUR,82.56,317.5,190,267.5,775,2014,M,Open
Nickson Eriek,1975,USA,73.85,285,182.5,307.5,775,2012,M,Open
Roelvaag Kim-Raino,1986,NOR,74,280,230,265,775,2012,M,Open
Tepper Eduard,1977,GER,82.32,260,220,295,775,2014,M,Open
Jhang You-Si,1994,TPE,82.78,270,170,332.5,772.5,2014,M,Open
El Belghitti Hassan,1975,FRA,71.7,285,180,307.5,772.5,2014,M,Open
Walton Nathan,1976,USA,73.7,275,190,307.5,772.5,2013,M,Open
El Belghiti Hassan,1975,FRA,71.35,285,185,300,770,2015,M,Open
Mastrolorenzo Antony,1982,FRA,73.09,295,220,255,770,2015,M,Open
Buccioni Massimiliano,1976,ITA,82.69,300,182.5,285,767.5,2015,M,Open
Roelvaag Kim-Raino,1986,NOR,73.23,282.5,222.5,262.5,767.5,2013,M,Open
Hsieh Tsung-Ting,1982,TPE,62.5,275,205,285,765,2013,M,Open
Hamada Nobuyuki,1969,JPN,73.1,280,220,265,765,2015,M,Open
Otani Norihiro,1980,JPN,73.19,290,222.5,250,762.5,2015,M,Open
Fedosienko Sergey,1982,RUS,58.06,300,201,260,761,2014,M,Open
Baali Kader,1968,FRA,73.62,287.5,197.5,275,760,2014,M,Open
El Belghitti Hassan,1975,FRA,65.88,290,155,313,758,2012,M,Open
Myagmarsuren Galsaikhan,1988,MGL,82.88,300,190,267.5,757.5,2014,M,Open
Tapia Luis,1968,PUR,81.55,325,170,260,755,2013,M,Open
Danilov Konstantin,1986,RUS,64.55,300,182.5,272.5,755,2012,M,Open
Nishimura Yoshito,1990,JPN,65.86,290,195,270,755,2014,M,Open
Fedosienko Sergey,1982,RUS,57.63,292.5,197.5,265,755,2013,M,Open
Hsieh Tsung-Ting,1982,TPE,64.64,270,207.5,275,752.5,2015,M,Open
Yang Sen,1994,TPE,103.78,400,75,275,750,2015,M,Open
Kuan Yi-Hsin,1982,TPE,79.6,260,180,310,750,2014,M,Open
Hanada Toshihiro,1991,JPN,91.91,280,197.5,270,747.5,2013,M,Open
Otani Norihiro,1980,JPN,73.44,290,207.5,250,747.5,2014,M,Open
Savolainen Antti,1978,FIN,65.55,262.5,195,290,747.5,2015,M,Open
Hentschel Andre,1984,GER,92.6,320,125,300,745,2014,M,Open
Baali Kader,1968,FRA,73.64,282.5,190,272.5,745,2012,M,Open
Fedosienko Sergey,1982,RUS,57.6,285,200,260,745,2015,M,Open
Beermann Jacob,1989,DEN,73.44,290,160,292.5,742.5,2014,M,Open
Curipoma Miguel,1987,ECU,73.76,290,185,265,740,2014,M,Open
Otani Norihiro,1980,JPN,73.94,295,205,240,740,2013,M,Open
Beermann Jacob,1989,DEN,73.39,290,170,277.5,737.5,2015,M,Open
Fedosienko Sergey,1982,RUS,57.03,295,185,257.5,737.5,2012,M,Open
Khardin Konstantin,1968,UZB,87.4,265,182.5,290,737.5,2013,M,Open
Kuan Yi-Hsin,1982,TPE,72.39,265,165,305,735,2012,M,Open
Savolainen Antti,1978,FIN,65.69,252.5,197.5,285,735,2013,M,Open
Garcia Andre,1982,BRA,73.04,265,220,250,735,2014,M,Open
La Rosa Lenin,1985,VEN,65.94,272.5,182.5,277.5,732.5,2012,M,Open
Hsieh Tsung-Ting,1982,TPE,63.1,265,200,267.5,732.5,2014,M,Open
Sato Yoshihiro,1982,JPN,65.25,270,215,247.5,732.5,2015,M,Open
Sanchez Marcos,1974,ECU,82.54,305,200,225,730,2012,M,Open
Kailey Pardeep,1983,NED,73.88,272.5,177.5,277.5,727.5,2013,M,Open
Curipoma Miguel,1987,ECU,73.75,285,170,270,725,2013,M,Open
Holloway Domarrio,1980,USA,65.84,262.5,180,282.5,725,2014,M,Open
Shalaby Ekramy,1980,EGY,72.68,270,215,240,725,2013,M,Open
Mastrolorenzo Antony,1982,FRA,72.76,290,192.5,240,722.5,2012,M,Open
Sato Yoshihiro,1982,JPN,65.42,265,210,247.5,722.5,2014,M,Open
Jhang You-Si,1994,TPE,82.1,215,175,332.5,722.5,2015,M,Open
Kailey Pardeep,1983,NED,73.88,270,172.5,275,717.5,2015,M,Open
Phillips Aaron,1985,USA,73,280,205,232.5,717.5,2015,M,Open
Beermann Jacob,1989,DEN,73.5,275,162.5,272.5,710,2013,M,Open
Antonov Yuriy,1991,UZB,82.12,265,195,250,710,2013,M,Open
Chahal Sunil,1992,GBR,72.35,250,205,250,705,2015,M,Open
Hsieh Tsung-Ting,1982,TPE,64.88,240,210,255,705,2012,M,Open
Masahito Kitsui,1978,HKG,92.53,220,270,215,705,2015,M,Open
Vargas Velez Libardo Hern,1979,COL,116.95,305,160,230,695,2012,M,Open
Seville Christopher,1984,AUS,82.65,280,160,255,695,2012,M,Open
Munoz David,1985,MEX,101.5,270,170,255,695,2014,M,Open
Grotkowski Mariusz,1989,POL,65.55,250,192.5,252.5,695,2015,M,Open
Sharawdorj Ariunbaatar,1982,MGL,73.28,272.5,170,250,692.5,2013,M,Open
Sato Yoshihiro,1982,JPN,65.65,255,202.5,235,692.5,2012,M,Open
Vicenteno Ricardo,1983,MEX,81.06,260,150,280,690,2014,M,Open
Ochoa Alex,1990,ECU,65.7,260,172.5,257.5,690,2014,M,Open
Lima Eudson,1985,BRA,64.93,267.5,160,260,687.5,2013,M,Open
Vanhee Emmerik,1990,BEL,73.36,237.5,195,255,687.5,2015,M,Open
Leon Franklin,1983,ECU,58.6,272.5,175,235,682.5,2015,M,Open
Fongaro Ricardo,1981,BRA,100.85,275,177.5,230,682.5,2015,M,Open
Leon Franklin,1983,ECU,58.32,270,172.5,237.5,680,2014,M,Open
Holloway Domarrio,1977,USA,65.5,252.5,172.5,255,680,2013,M,Open
Nimbalkar Amit,1990,IND,127.88,290,140,245,675,2015,M,Open
Nishimura Yoshito,1990,JPN,65.93,260,170,245,675,2013,M,Open
Su Cheng-Fong,1993,TPE,93.98,255,145,272.5,672.5,2014,M,Open
Vicenteno Ricardo,1983,MEX,80.16,242.5,152.5,275,670,2012,M,Open
Gurbanov Ahmet,1992,TKM,82.03,260,170,240,670,2012,M,Open
Lima Eudson,1985,BRA,58.6,250,162.5,255,667.5,2014,M,Open
Leider Denis,1989,LUX,89.17,232.5,155,280,667.5,2015,M,Open
Garcia Carlos,1980,VEN,58.41,250,172.5,245,667.5,2012,M,Open
Fudge Chris,1984,CAN,81.9,250,165,250,665,2014,M,Open
Piron Michel,1993,LUX,82,255,170,240,665,2015,M,Open
Rheaume Jean-Sebastien,1974,CAN,65.78,255,175,235,665,2012,M,Open
Lkhamjav Ganbaatar,1990,MGL,72.8,230,205,230,665,2015,M,Open
Nursahedov Merdan,1976,TKM,73.35,200,222.5,240,662.5,2012,M,Open
Lin Ming-Hui,1983,TPE,64.88,245,195,220,660,2012,M,Open
Ochoa Alex,1990,ECU,65.44,265,157.5,235,657.5,2013,M,Open
Batgerel Bayarbaatar,1991,MGL,65.59,240,202.5,215,657.5,2015,M,Open
Wang Chun-Lin,1990,TPE,58.32,245,157.5,252.5,655,2015,M,Open
Leon Franklin,1983,ECU,58.8,260,167.5,227.5,655,2012,M,Open
Wszola Dariusz,1978,POL,58.77,257.5,170,227.5,655,2012,M,Open
Melendez Carlo,1983,PUR,73.8,250,197.5,207.5,655,2013,M,Open
Noppers Lewis,1970,CAN,65.96,230,147.5,275,652.5,2012,M,Open
Bareng Jonathan,1983,USA,65.6,245,165,242.5,652.5,2012,M,Open
Lin Yi-Chun,1994,TPE,58.5,245,150,255,650,2014,M,Open
Lin Yi-Chun,1994,TPE,58.29,242.5,150,257.5,650,2015,M,Open
Wszola Dariusz,1978,POL,58.62,255,177.5,217.5,650,2015,M,Open
Fongaro Ricardo,1980,BRA,92,265,140,240,645,2014,M,Open
Wszola Dariusz,1978,POL,58.46,250,177.5,217.5,645,2014,M,Open
Matarrita Montenegro Crist,1984,CRC,91.4,230,160,252.5,642.5,2014,M,Open
Osmialowski Pawel,1977,POL,58.73,255,155,225,635,2012,M,Open
Hafenbrack Michael,1984,USA,65.2,242.5,152.5,240,635,2013,M,Open
Kang Alexander,1984,USA,64.89,242.5,140,250,632.5,2015,M,Open
Lited Etienne,1979,FRA,58.8,240,145,247.5,632.5,2012,M,Open
Joseph Midhun,1986,IND,58.46,250,140,240,630,2015,M,Open
Mejia Boza Alvaro Mauricio,1981,CRC,72.62,240,150,240,630,2014,M,Open
Cancel Ivan,1982,PUR,58.68,240,162.5,225,627.5,2014,M,Open
Gengler Jean,1986,LUX,101.21,230,135,260,625,2015,M,Open
Osmialowski Pawel,1977,POL,58.68,255,152.5,217.5,625,2013,M,Open
Salgado David,1974,MEX,73.69,235,155,235,625,2012,M,Open
Weissenbacher Oliver,1986,AUT,69.49,245,165,215,625,2012,M,Open
Osmialowski Pawel,1977,POL,58.62,245,152.5,225,622.5,2014,M,Open
Tran Christopher,1988,USA,58.82,237.5,135,242.5,615,2014,M,Open
Wang Chun-Lin,1990,TPE,58.56,240,145,230,615,2014,M,Open
Cancel Ivan,1982,PUR,58.89,237.5,160,217.5,615,2013,M,Open
Gomez Walter,1989,ECU,57.94,230,160,225,615,2014,M,Open
Constantine Patrick,1969,GBR,58.51,240,140,232.5,612.5,2012,M,Open
Cancel Ivan,1982,PUR,58.79,230,160,220,610,2015,M,Open
Ruso Karel,1965,CZE,65.69,265,102.5,240,607.5,2012,M,Open
Murray William,1981,GBR,72.45,225,165,215,605,2015,M,Open
Mejia Boza Alvaro Mauricio,1981,CRC,71.74,222.5,150,230,602.5,2012,M,Open
Cancel Ivan,1982,PUR,58.92,232.5,155,212.5,600,2012,M,Open
Gomez Walter,1989,ECU,58.2,222.5,155,222.5,600,2013,M,Open
Kang Alexander,1984,USA,66.52,235,132.5,230,597.5,2013,M,Open
Iimura Takahiro,1990,JPN,58.92,230,130,230,590,2012,M,Open
Isagawa Hiroyuki,1953,JPN,58.55,210,165,210,585,2013,M,Open
Mizuno Takaaki,1967,JPN,58.89,205,170,210,585,2015,M,Open
Ruso Karel,1965,CZE,65.85,250,100,230,580,2015,M,Open
Fonseca Alonso,1995,CRC,72.24,220,120,220,560,2014,M,Open
Laboy Isaac,1989,PUR,73.68,190,122.5,232.5,545,2012,M,Open
Rodriguez Cruz,1959,PUR,65.01,200,142.5,200,542.5,2012,M,Open
Zuniga Adrian,1987,MEX,65.5,215,125,200,540,2014,M,Open
Choudhary Vijay,1980,IND,86.53,120,115,160,395,2015,M,Open
Verma Pankaj,1982,IND,84.07,120,100,165,385,2015,M,Open
Jamwal Rohit,1990,IND,64.5,100,105,130,335,2015,M,Open
Gemaletdinova Olga,1986,RUS,120.95,300,182.5,270.5,753,2013,W,Open
Gemaletdinova Olga,1986,RUS ,115.94,285,180,250,715,2014,W,Open
Gemaletdinova Olga,1986,RUS,115.39,285,180,240,705,2015,W,Open
Lough Bonica,1988,USA ,129.94,282.5,190,222.5,695,2014,W,Open
Hugdal Hildeborg,1983,NOR ,128.94,265,227,202.5,694.5,2014,W,Open
Kozlova Olena,1990,UKR ,78.62,268,160,242.5,670.5,2014,W,Open
Hugdal Hildeborg,1983,NOR,127.05,260,218,190,668,2013,W,Open
Kozlova Olena,1990,UKR,78.89,260,150,250.5,660.5,2012,W,Open
Chang Ya-Wen,1984,TPE,90.05,275,155,227.5,657.5,2013,W,Open
Kucherenko Elena,1992,RUS,104.03,260,170,225,655,2015,W,Open
Orobets Inna,1971,UKR,107.88,250,192.5,212.5,655,2015,W,Open
Orobets Inna,1971,UKR,105.77,252.5,182.5,212.5,647.5,2013,W,Open
McKinney Tiffany,1989,USA ,100.16,240,205,202.5,647.5,2014,W,Open
Strik Ielja,1973,NED,83.07,255,180,210,645,2013,W,Open
Blyn Liane,1972,USA ,82.26,240,181,222.5,643.5,2014,W,Open
Timoshchuk Valeria,1988,RUS,81.14,260,170,212.5,642.5,2015,W,Open
Castellain Ana,1985,BRA,69.25,255,172.5,215,642.5,2013,W,Open
Strik Ielja,1973,NED ,83.6,257.5,175,210,642.5,2014,W,Open
Blyn Liane,1972,USA,82.59,240,188,212.5,640.5,2015,W,Open
Soloviova Larysa,1978,UKR ,62.62,240.5,168,230,638.5,2014,W,Open
Soloviova Larysa,1978,UKR,62.84,235.5,162.5,240,638,2013,W,Open
Chang Ya-Wen,1984,TPE,88.17,255,147.5,235,637.5,2012,W,Open
Strik Ielja,1973,NED,83.55,250,172.5,215,637.5,2012,W,Open
Orobets Inna,1971,UKR,106.72,242.5,177.5,217.5,637.5,2012,W,Open
Orobets Inna,1971,UKR ,108.66,240,190,205,635,2014,W,Open
Soloviova Larysa,1978,UKR,62.87,227.5,165.5,240,633,2012,W,Open
Timoshchuk Valeria,1988,RUS ,80.4,262.5,157.5,210,630,2014,W,Open
Chang Ya-Wen,1984,TPE,89.89,255,152.5,220,627.5,2015,W,Open
Ribic Priscilla,1972,USA ,71.7,230,150,247.5,627.5,2014,W,Open
Castellain Ana,1985,BRA ,69.46,247.5,170,207.5,625,2014,W,Open
Ribic Priscilla,1972,USA,71.55,220,155,247.5,622.5,2015,W,Open
Blyn Liane,1972,USA,81.94,232.5,177.5,212.5,622.5,2013,W,Open
McKinney Tiffany,1989,USA,93.83,232.5,190,200,622.5,2013,W,Open
Castellain Ana,1985,BRA,70.32,242.5,167.5,210,620,2015,W,Open
Soloviova Larysa,1978,UKR,63,235,162.5,220,617.5,2015,W,Open
Medvedeva Yulia,1986,RUS,66.86,220,175,222.5,617.5,2012,W,Open
Castellain Ana,1985,BRA,70.99,248,157.5,210,615.5,2012,W,Open
Blyn Liane,1972,USA,81.71,237.5,157.5,220,615,2012,W,Open
Chen Jie-Wen,1990,TPE,123.95,265,157.5,190,612.5,2013,W,Open
Van der Meulen Brenda,1978,NED,110.55,230,192.5,187.5,610,2015,W,Open
Tishakova Yevheniia,1989,UKR,80.11,252.5,135,220,607.5,2015,W,Open
Hanson Natalie,1990,USA,82.89,240,160,207.5,607.5,2015,W,Open
Arnesen Hille Heidi,1970,NOR,81.78,240,145,220,605,2012,W,Open
Arnesen Hille Heidi,1970,NOR,83.18,247.5,145,210,602.5,2015,W,Open
Medvedeva Yulia,1986,RUS,66.12,230,170,200,600,2013,W,Open
Ribic Priscilla,1972,USA,71.19,225,125,247.5,597.5,2012,W,Open
Chen Jie-Wen,1990,TPE,125.41,262.5,152.5,182.5,597.5,2015,W,Open
Byruk Yelyzaveta,1988,UKR,72,232.5,157.5,207.5,597.5,2012,W,Open
Van der Meulen Brenda,1978,NED,112.31,227.5,180,190,597.5,2012,W,Open
Elverum Marte,1990,NOR,71.17,235,137.5,222.5,595,2015,W,Open
Tsvetkova Svetlana,1980,RUS,78.22,232.5,145,215,592.5,2012,W,Open
Medvedeva Yulia,1986,RUS,66.68,215,177.5,200,592.5,2015,W,Open
Kniazieva Antonina,1989,UKR,71.01,255,145,190,590,2013,W,Open
Arnesen Hille Heidi,1970,NOR,82.14,235,142.5,210,587.5,2013,W,Open
Sari Noviana,1984,INA,60.4,220,142.5,225,587.5,2012,W,Open
Stinn Rhaea,1988,CAN ,71.4,222.5,152.5,212.5,587.5,2014,W,Open
Timmers Ankie,1986,NED,71.61,215,160,212.5,587.5,2015,W,Open
Ruud Inger Johanne,1991,NOR,83.33,235,147.5,202.5,585,2015,W,Open
Potselueva Galina,1980,RUS,69.16,230,165,190,585,2012,W,Open
Dubenskaya Maria,1988,RUS,62.53,227.5,171.5,185,584,2015,W,Open
Akhmamyetyeva Tetyana,1985,UKR,62.8,227.5,150,202.5,580,2013,W,Open
Szabo Agnes,1988,HUN,108.23,230,175,175,580,2012,W,Open
Arnesen Hille Heidi,1970,NOR ,82.02,237.5,140,197.5,575,2014,W,Open
Sari Noviana,1984,INA,60.52,220,135,220,575,2013,W,Open
Poletaeva Irina,1982,RUS,62.49,215,157.5,200,572.5,2012,W,Open
Noviana Sari,1984,INA,60.5,225,130,215,570,2015,W,Open
Akhmamyetyeva Tetyana,1985,UKR,62.8,220,152.5,197.5,570,2012,W,Open
Poletaeva Irina,1982,RUS,62.23,212.5,162.5,192.5,567.5,2013,W,Open
Elverum Marte,1990,NOR,71.06,232.5,122.5,210,565,2013,W,Open
West Elizabeth,1986,USA,98.3,240,122.5,200,562.5,2012,W,Open
Tavares Cicera,1976,BRA,62.78,230,120,212.5,562.5,2015,W,Open
Viteri Samantha,1990,ECU,109.98,215,132.5,215,562.5,2013,W,Open
Costas Delgado Giselle,1980,PUR,99.6,210,140,212.5,562.5,2012,W,Open
Meadows Lakshmi,1975,USA,113.15,235,120,205,560,2015,W,Open
Stinn Fowler Rhaea,1988,CAN,71.64,215,152.5,192.5,560,2013,W,Open
Tavares Cicera,1976,BRA ,61.68,232.5,115,210,557.5,2014,W,Open
Aaberg Jane,1981,DEN ,93.1,215,125,217.5,557.5,2014,W,Open
Kitamura Mayumi,1967,JPN,62.72,207.5,157.5,192.5,557.5,2012,W,Open
Blikra Inger,1961,NOR,71.73,215,135,205,555,2012,W,Open
Jimenez Karol,1985,VEN,73.11,210,140,205,555,2012,W,Open
Dubenskaya Maria,1988,RUS ,62.28,212.5,150,192.5,555,2014,W,Open
Stinn Fowler Rhaea,1988,CAN,71.51,217.5,145,190,552.5,2012,W,Open
Fernandez Yosleinys,1984,VEN,71.04,222.5,127.5,200,550,2012,W,Open
Kitamura Mayumi,1967,JPN,62.72,205,160,185,550,2015,W,Open
Viteri Samantha,1990,ECU ,103.4,210,130,207.5,547.5,2014,W,Open
Timmers Ankie,1986,NED,70.54,197.5,142.5,207.5,547.5,2013,W,Open
Sri Hartati,1984,INA,56.03,216,141,190,547,2013,W,Open
Bialek Magdalena,1991,POL,82.9,227.5,115,202.5,545,2013,W,Open
Sri Hartani,1984,INA,56.38,215,135,195,545,2012,W,Open
Tavares Cicera,1976,BRA,62.3,222.5,110,210,542.5,2013,W,Open
Ryzhkova Anna,1986,RUS,56.86,217.5,135,190,542.5,2013,W,Open
Kryukova Ekaterina,1985,KAZ,71.35,210,142.5,190,542.5,2015,W,Open
Bueno Erica,1980,BRA ,62.24,207.5,150,185,542.5,2014,W,Open
Pedersen Annette,1968,DEN,71.73,207.5,122.5,210,540,2012,W,Open
Shotton-Gale Charlotte,1983,GBR,83.58,210,130,200,540,2015,W,Open
Timmers Ankie,1986,NED,71.77,195,132.5,212.5,540,2012,W,Open
Hitchcock Alyssa,1984,USA,62.12,205,112.5,220,537.5,2012,W,Open
Sri Hartati,1984,INA,56.34,210,135,192.5,537.5,2015,W,Open
Van Dusen Kathleen,1988,USA,70.21,210,140,185,535,2013,W,Open
Amaya Annymaryuth,1980,VEN,62.06,210,112.5,210,532.5,2012,W,Open
Shotton-Gale Charlotte,1983,GBR ,83.82,207.5,127.5,195,530,2014,W,Open
Wu Hui-Chun,1986,TPE,56.15,205,130,195,530,2015,W,Open
Salnikova Natalia,1986,RUS ,51.36,205,137.5,187.5,530,2014,W,Open
Costas Delgado Giselle,1980,PUR,96.31,200,152.5,177.5,530,2013,W,Open
Reitmann Judith,1967,URU,86.78,222.5,125,180,527.5,2012,W,Open
Leighton Sarah,1979,CAN ,70.58,212.5,125,190,527.5,2014,W,Open
Pedersen Annette,1968,DEN,70.5,202.5,122.5,202.5,527.5,2013,W,Open
Hanssen Tutta Kristine,1989,NOR,61.02,195,142.5,190,527.5,2013,W,Open
Salnikova Natalia,1986,RUS,50.96,210,135,180,525,2015,W,Open
Aaberg Jane,1981,DEN,83.47,190,110,222.5,522.5,2015,W,Open
Salnikova Natalia,1986,RUS,50.75,202.5,130,190,522.5,2013,W,Open
Kristensen Linda,1977,NOR,71.35,207.5,137.5,177.5,522.5,2015,W,Open
Nieves Norma,1970,PUR ,79.34,195,132.5,195,522.5,2014,W,Open
Hitchcock Alyssa,1984,USA,62.74,200,107.5,212.5,520,2013,W,Open
Pedersen Annette,1968,DEN ,71.56,207.5,117.5,195,520,2014,W,Open
Filimonova Inna,1976,RUS ,56.54,222.5,100,195,517.5,2014,W,Open
Filimonova Inna,1976,RUS,56.66,220,105,192.5,517.5,2015,W,Open
Bueno Erica,1980,BRA,61.1,192.5,140,185,517.5,2015,W,Open
Leighton Sarah,1979,CAN,70.88,207.5,120,187.5,515,2012,W,Open
Wu Hui-Chun,1986,TPE ,56.38,197.5,120,197.5,515,2014,W,Open
Wu Hui-Chun,1986,TPE,56.13,190,130,195,515,2013,W,Open
Ochoa Vargas Vilma,1980,ECU,54.81,220,112.5,177.5,510,2015,W,Open
Shotton-Gale Charlotte,1983,GBR,83.63,202.5,122.5,185,510,2013,W,Open
Shotton-Gale Charlotte,1983,GBR,83.82,185,130,192.5,507.5,2012,W,Open
Aguinaga Johanna,1993,ECU ,62.94,190,135,182.5,507.5,2014,W,Open
Hung Min-Chu,1983,TPE ,83.5,175,181.5,150,506.5,2014,W,Open
Tavares Cicera,1976,BRA,61.97,197.5,102.5,205,505,2012,W,Open
Steger Nicole,1981,GER,68.76,190,107.5,207.5,505,2012,W,Open
Maldonado Isabel,1988,ECU ,59.82,197.5,112.5,195,505,2014,W,Open
Salnikova Natalia,1986,RUS,51.24,200,125,180,505,2012,W,Open
Rantamaki Mervi,1974,FIN,56.88,205,117.5,180,502.5,2012,W,Open
Prymenchuk Tetyana,1972,UKR,56.94,200,127.5,175,502.5,2012,W,Open
Wu Hui-Chun,1986,TPE,56.21,187.5,120,195,502.5,2012,W,Open
Berge Hege,1982,NOR,62.46,192.5,122.5,185,500,2013,W,Open
Kristensen Linda,1977,NOR ,71.92,197.5,127.5,175,500,2014,W,Open
Derevyanko Anastasiya,1987,UKR,51.03,187.5,120,190,497.5,2015,W,Open
Phasey Kelly,1976,GBR,117.39,200,137.5,160,497.5,2015,W,Open
Ochoa Vargas Vilma,1980,ECU ,51.7,212.5,102.5,180,495,2014,W,Open
Klymenko Kateryna,1985,UKR,51.69,185,125,185,495,2015,W,Open
Ochoa Vargas Vilma,1980,ECU,51.88,215,97.5,177.5,490,2012,W,Open
Opdal Veronica,1985,NOR,71.61,195,107.5,187.5,490,2012,W,Open
Opdal Veronica,1985,NOR,69.36,200,115,175,490,2013,W,Open
Tichy Alexandra,1990,AUT,82.45,190,122.5,177.5,490,2015,W,Open
Berge Hege,1982,NOR ,62.2,182.5,125,182.5,490,2014,W,Open
Klymenko Kateryna,1985,UKR ,51.52,185,122.5,180,487.5,2014,W,Open
Lopez Rowena,1977,USA,56.66,185,125,175,485,2015,W,Open
Fukushima Yukako,1970,JPN,46.09,187.5,131.5,165,484,2015,W,Open
Chen Wei-Ling,1982,TPE ,45.6,200,97.5,186,483.5,2014,W,Open
Ochoa Vargas Vilma,1980,ECU,51.81,205,100,177.5,482.5,2013,W,Open
Derevyanko Anastasiya,1987,UKR,51.28,185,112.5,185,482.5,2013,W,Open
Klymenko Kateryna,1985,UKR,51.98,192.5,120,170,482.5,2013,W,Open
Derevyanko Anastasiya,1987,UKR ,50.7,182.5,115,185,482.5,2014,W,Open
Hung Min-Chu,1983,TPE,83.36,175,172.5,135,482.5,2013,W,Open
Hung Min-Chu,1983,TPE,83.34,170,172.5,140,482.5,2015,W,Open
Chen Wei-Ling,1982,TPE,46.56,197.5,97.5,185.5,480.5,2013,W,Open
Cuta Adriana,1986,VEN,56.9,190,90,195,475,2012,W,Open
Hung Min-Chu,1983,TPE,83.75,175,170,130,475,2012,W,Open
Chou Chien-Yu,1982,TPE,56.76,172.5,100,200,472.5,2013,W,Open
Gudsteinsdottir Maria,1970,ISL,71.52,180,112.5,180,472.5,2013,W,Open
Gudsteinsdottir Maria,1970,ISL,71.08,177.5,112.5,182.5,472.5,2015,W,Open
Gudmundsdottir Helga,1974,ISL,62.72,180,120,172.5,472.5,2015,W,Open
Berge Hege,1982,NOR,62.87,177.5,115,177.5,470,2012,W,Open
Fukushima Yukako,1970,JPN ,46.42,170,130.5,167.5,468,2014,W,Open
Gudsteinsdottir Maria,1970,ISL ,70.8,180,105,182.5,467.5,2014,W,Open
Lopez Rowena,1977,USA,56.68,170,112.5,185,467.5,2013,W,Open
Derevyanko Anastasiya,1987,UKR,51.39,175,112.5,177.5,465,2012,W,Open
Monserate Kenia,1991,ECU ,55.78,195,92.5,172.5,460,2014,W,Open
Pizniak Natalia,1992,UKR,62.94,170,115,175,460,2015,W,Open
Chou Chien-Yu,1982,TPE,56.47,170,90,197.5,457.5,2015,W,Open
Barbosa Irani,1986,BRA,56.16,185,102.5,170,457.5,2015,W,Open
Chou Chien-Yu,1982,TPE,56.33,175,97.5,185,457.5,2012,W,Open
Stuetz Silvia,1978,GER,66.64,167.5,105,185,457.5,2015,W,Open
Strufa Anastasya,1986,RUS ,46.86,180,115,162.5,457.5,2014,W,Open
Roeder Vivien,1988,GER,71.16,162.5,142.5,152.5,457.5,2015,W,Open
Moses Gloria,1989,NGR,72.59,195,70,190,455,2013,W,Open
Chen Wei-Ling,1982,TPE,46.29,190,85,180,455,2012,W,Open
Gutierrez Sara,1975,PER,55.79,187.5,90,177.5,455,2012,W,Open
Oquendo Mailebis,1987,VEN,51.84,182.5,95,175,452.5,2012,W,Open
Burgos Ladys,1989,PUR,72,177.5,92.5,182.5,452.5,2012,W,Open
Jativa Mery,1992,ECU ,63.5,192.5,97.5,160,450,2014,W,Open
Hoiland Linda,1979,NOR,61.11,175,90,185,450,2012,W,Open
Lima Rosimery,1977,GBR,56.75,172.5,95,182.5,450,2013,W,Open
Gudsteinsdottir Maria,1970,ISL,62.8,172.5,97.5,180,450,2012,W,Open
Lima Rosimery,1977,GBR ,56.56,167.5,95,187.5,450,2014,W,Open
Fukushima Yukako,1970,JPN,45.67,175,117.5,157.5,450,2012,W,Open
Vermenyuk Valentina,1986,RUS,46.83,177.5,95,175,447.5,2013,W,Open
Burgos Ladys,1989,PUR,71.4,175,97.5,175,447.5,2013,W,Open
Chou Chien-Yu,1982,TPE ,56.16,165,92.5,190,447.5,2014,W,Open
Murray Louise,1988,GBR,56.91,175,102.5,170,447.5,2015,W,Open
Cevallos Michelle,1988,ECU,55.91,170,102.5,175,447.5,2013,W,Open
Grandas Liimatainen Miia,1986,SWE ,51.4,190,85,170,445,2014,W,Open
Blummenfelt Kine,1991,NOR,56.8,185,92.5,167.5,445,2015,W,Open
Szuch Shantelle,1979,CAN ,62.18,170,95,180,445,2014,W,Open
Vasquez Maria Luisa,1983,PUR,46.35,182.5,100,160,442.5,2015,W,Open
Kaczor Mary Ann,1976,CAN,62.91,170,102.5,170,442.5,2012,W,Open
Lindberg Maria,1973,FIN,56.2,170,102.5,170,442.5,2012,W,Open
Drabalkova Michaela,1989,CZE,70.48,180,112.5,150,442.5,2015,W,Open
Steel Ellie,1991,GBR ,57.86,167.5,107.5,167.5,442.5,2014,W,Open
Ziolkowska Agnieszka,1984,POL,61.73,165,85,190,440,2013,W,Open
Vasquez Maria Luisa,1983,PUR ,46.42,185,100,155,440,2014,W,Open
Terada Yukie,1974,JPN,56.43,165,95,180,440,2015,W,Open
Hartwig-Gary Suzanne,1968,USA ,51.56,182.5,90,165,437.5,2014,W,Open
Barbosa Irani,1986,BRA,51.63,172.5,97.5,167.5,437.5,2012,W,Open
Ziffle Melanie,1983,CAN ,56.76,167.5,100,170,437.5,2014,W,Open
Baez Joan,1986,PUR,83.91,170,117.5,150,437.5,2013,W,Open
Grandas Liimatainen Miia,1986,SWE,50.73,175,85,175,435,2015,W,Open
Chou Yi-Ju,1980,TPE,50.82,165,82.5,187.5,435,2012,W,Open
Buxbom Eva,1969,DEN ,56.48,160,95,180,435,2014,W,Open
Brage Angelica,1987,SWE,51.91,162.5,102.5,167.5,432.5,2013,W,Open
Bartz Pamela,1987,USA,56,185,80,165,430,2012,W,Open
Grandas Liimatainen Miia,1986,SWE,50.38,175,77.5,175,427.5,2013,W,Open
Chou Yi-Ju,1980,TPE,50.52,165,77.5,185,427.5,2015,W,Open
Hartwig-Gary Suzanne,1968,USA,51.49,167.5,92.5,167.5,427.5,2012,W,Open
Terada Yukie,1974,JPN,56.91,160,90,175,425,2012,W,Open
Baez Joan,1986,PUR,78.97,160,110,155,425,2012,W,Open
Chou Yi-Ju,1980,TPE ,49.78,155,75,192.5,422.5,2014,W,Open
Apuli Sanna,1981,FIN,50.38,162.5,87.5,172.5,422.5,2013,W,Open
Jurkko Raija,1963,FIN,46.52,170,95,157.5,422.5,2012,W,Open
Wildeman Sandra,1979,NED,56.65,167.5,102.5,152.5,422.5,2015,W,Open
Martin Vanessa,1976,FRA ,50.98,162.5,100,160,422.5,2014,W,Open
Terada Yukie,1974,JPN,56.67,160,95,165,420,2013,W,Open
Liimatainen Miia,1986,SWE,50.79,182.5,80,155,417.5,2012,W,Open
Apuli Sanna,1981,FIN,50.78,162.5,87.5,167.5,417.5,2012,W,Open
Martin Vanessa,1976,FRA,51.29,167.5,92.5,157.5,417.5,2013,W,Open
Murray Louise,1988,GBR ,54.74,167.5,92.5,157.5,417.5,2014,W,Open
Terada Yukie,1974,JPN ,56.6,160,90,167.5,417.5,2014,W,Open
Buxbom Eva,1969,DEN,56.39,157.5,87.5,170,415,2015,W,Open
Vasquez Maria Luisa,1983,PUR,46.44,170,97.5,147.5,415,2013,W,Open
Anthouard Melodie,1988,FRA,56.58,160,120,135,415,2015,W,Open
Lishinskaya Alesya,1994,UZB,66.48,180,92.5,140,412.5,2013,W,Open
Chou Yi-Ju,1980,TPE,51.07,150,77.5,185,412.5,2013,W,Open
Bagger Trine,1986,DEN,51.77,145,97.5,170,412.5,2015,W,Open
Cichon Susann,1987,GER ,57.68,162.5,85,162.5,410,2014,W,Open
Vasquez Maria Luisa,1985,PUR,46.14,167.5,90,152.5,410,2012,W,Open
Najera Juanita,1981,USA,51.65,152.5,90,167.5,410,2013,W,Open
Cichon Susann,1987,GER,56.52,165,82.5,160,407.5,2015,W,Open
Najera Juanita,1981,USA,51.12,165,92.5,150,407.5,2015,W,Open
Martin Vanessa,1976,FRA,51.45,160,92.5,152.5,405,2012,W,Open
Sirkia Mervi,1972,FIN,51.84,155,90,160,405,2012,W,Open
Lepanse Benedicte,1978,FRA,46.03,155,92.5,157.5,405,2012,W,Open
Mathew Neha,1998,IND,91.87,185,55,160,400,2015,W,Open
Kasperska Kamila,1992,POL,73.97,172.5,77.5,150,400,2013,W,Open
Sakamaki Yoriko,1990,JPN,50.94,140,107.5,150,397.5,2015,W,Open
Cichon Susann,1987,GER,56.94,150,85,160,395,2013,W,Open
Schwengl-Forsthuber Ilka,1965,AUT,46.68,145,105,145,395,2015,W,Open
Courqueux Cecile,1983,FRA,56.52,162.5,75,155,392.5,2015,W,Open
Monaco Roberta,1975,ITA,51.71,155,82.5,155,392.5,2015,W,Open
Sakamaki Yoriko,1990,JPN ,50.5,150,92.5,150,392.5,2014,W,Open
Wildeman Sandra,1979,NED,56.49,152.5,95,145,392.5,2013,W,Open
Apuli Sanna,1981,FIN,46.67,150,80,160,390,2015,W,Open
Zhumaniyazova Mahriban,1988,TKM,70.4,160,100,130,390,2012,W,Open
Teramura Mika,1962,JPN,51.83,142.5,95,150,387.5,2012,W,Open
Teramura Mika,1962,JPN,51.59,137.5,97.5,150,385,2013,W,Open
Tuylieva Jeren,1991,TKM,62.01,162.5,80,140,382.5,2012,W,Open
Murray Louise,1988,GBR,54.92,145,85,152.5,382.5,2013,W,Open
Boyle Trisha,1980,CAN ,51.26,155,82.5,142.5,380,2014,W,Open
Sakamaki Yoriko,1990,JPN,51.95,130,87.5,157.5,375,2013,W,Open
Abarca Elizondo Maria,1981,CRC,75.73,150,60,160,370,2012,W,Open
Edwards Louise,1978,GBR,51.42,137.5,75,157.5,370,2015,W,Open
Teramura Mika,1962,JPN ,51.7,135,90,145,370,2014,W,Open
Edwards Louise,1978,GBR ,50.92,140,72.5,155,367.5,2014,W,Open
LaChapelle Taylor,1999,USA ,45.96,142.5,77.5,147.5,367.5,2014,W,Open
Wildeman Sandra,1979,NED,56.78,145,87.5,130,362.5,2012,W,Open
Martin Yvelise,1982,FRA,46.62,145,92.5,125,362.5,2015,W,Open
Edwards Louise,1978,GBR,50.76,135,67.5,152.5,355,2012,W,Open
Edwards Louise,1978,GBR,51.18,132.5,65,150,347.5,2013,W,Open
Diaz Rebeca,1985,PUR,60.99,152.5,52.5,137.5,342.5,2012,W,Open
Tapia Jannitzzi,1994,PUR,55.84,132.5,65,140,337.5,2012,W,Open
Peti Barbara,1976,ITA,45.99,122.5,75,140,337.5,2015,W,Open
Usuki Ayumi,1980,JPN ,56.04,142.5,70,120,332.5,2014,W,Open
Baez Frances,1988,PUR,51.71,125,65,130,320,2012,W,Open
Sirochetdinova Ramilya,1993,UZB,50.98,100,92.5,120,312.5,2013,W,Open
Ip Wing-Yuk,1961,HKG,61.25,107.5,77.5,120,305,2015,W,Open
Sawant Mohini,1985,IND,50.62,120,65,115,300,2015,W,Open
Elwyn Susan,1947,USA,45.96,100,45,127.5,272.5,2015,W,Open
Elwyn Susan,1947,USA,45.69,97.5,45,122.5,265,2013,W,Open
Kour Gill,1984,IND,67.17,70,40,80,190,2015,W,Open
Patil Sushama M.,1986,IND,65.42,50,30,55,135,2015,W,Open
Burden Anthony,1988,CAN,90.9,252.5,130,0,0,2013,M,Classic
Lakehal Mohamed,1982,ALG,58.25,200,105,0,0,2013,M,Classic
Hill Scott,1977,AUS,92.7,257.5,170,0,0,2013,M,Classic
Pritchard Stephen,1970,AUS,140.3,335,222.5,0,0,2013,M,Classic
Teitsson Aron,1987,ISL,92.39,257.5,190,0,0,2015,M,Classic
Chang Ya-Wen,1984,TPE,83.5,197.5,100,0,0,2012,W,Classic
Aryanto Viki,1989,INA,65.89,295,180,0,0,2013,M,Open
Shagdarsuren Batzul,1982,MGL,104.32,330,230,0,0,2015,M,Open
Vasiukov Evgenii,1985,RUS,82.94,350,255,0,0,2014,M,Open
Huang Lung-Hsin,1981,TPE,73.96,285,220,0,0,2014,M,Open
Bogdanova Marianna,1983,EST,56.05,150,77.5,0,0,2013,W,Open
Castro Rosa,1979,ECU ,55.74,180,95,0,0,2014,W,Open
Chang Ya-Wen,1984,TPE ,93.02,277.5,162.5,0,0,2014,W,Open
Khan Xeniya,1987,KAZ,56.93,190,117.5,0,0,2012,W,Open
Kankus Johanna,1984,FIN,71.37,225,145,0,0,2012,W,Open
Le Panse Benedicte,1978,FRA ,46.1,145,95,0,0,2014,W,Open
Bondik Denis,1974,KAZ,90.3,240,0,245,0,2012,M,Classic
Tersenidis Grigorios,1986,GRE,115.35,0,180,252.5,0,2012,M,Classic
Weaver Simon,1975,NZL,104.9,0,175,280,0,2012,M,Classic
Berglund Per,1967,SWE,73.08,0,0,0,0,2015,M,Classic
Delir Majid,1984,IRI,119.26,280,0,0,0,2015,M,Classic
Henriksson Johan,1984,FIN,81.45,242.5,0,0,0,2014,M,Classic
Ivanets Andrei,1984,BLR,104.45,282.5,0,0,0,2013,M,Classic
Kaanane Mourad,1988,ALG,91.89,0,155,290,0,2015,M,Classic
Kuzmin Alexey,1982,RUS,82.04,0,177.5,302.5,0,2015,M,Classic
Lakehal Mohamed,1982,ALG,58.85,220,0,225,0,2015,M,Classic
Owen Ray,1970,AUS,90.85,220,0,230,0,2013,M,Classic
Bykova Yelena,1986,KAZ,69.8,0,85,185,0,2012,W,Classic
Van Jaarveld Danel,1977,RSA,61.35,0,62.5,135,0,2014,W,Classic
ABD Rabou Khaled,1968,EGY,92.41,0,0,0,0,2013,M,Open
Abdou Hany,1972,EGY,99.85,0,0,0,0,2013,M,Open
Baardtvet Hans Magne,1983,NOR,156.52,407.5,0,360,0,2012,M,Open
Baardtvet Hans Magne,1983,NOR,165.86,415,0,350,0,2014,M,Open
Bataa Chimedtseren,1981,MGL,117.48,330,0,0,0,2014,M,Open
Batsukh Gantulga,1981,MGL,114.54,0,215,250,0,2015,M,Open
Belkesir Sofiane,1984,FRA,104.1,360,0,0,0,2012,M,Open
Cappellino Joseph,1988,USA,167.58,435,0,350,0,2014,M,Open
Cliffe Tony,1984,GBR,118.92,365,0,345,0,2012,M,Open
Espinoza Jaider,1982,VEN,82.98,0,240,0,0,2012,M,Open
Fernandez Barrantes Mich,1982,CRC,102.82,0,180,0,0,2014,M,Open
Gilbert Quentin,1983,FRA,92.84,0,232.5,315,0,2014,M,Open
Goriachev Ivan,1990,RUS,119.99,0,300,322.5,0,2015,M,Open
Hamada Nobuyuki,1969,JPN,73.68,0,215,240,0,2014,M,Open
Hansen Joergen,1986,NOR,119.41,0,0,0,0,2015,M,Open
Hentschel Andre,1984,GER,92.84,0,0,0,0,2012,M,Open
Hussein Tarek,1980,EGY,90.34,0,200,250,0,2013,M,Open
Jaeger Kevin,1995,GER,118.58,365,0,0,0,2015,M,Open
Jandorek Andreas,1985,AUT,92.75,332.5,0,285,0,2012,M,Open
Jonsson Audunn,1972,ISL,143.4,0,0,335,0,2013,M,Open
Kangasvieri Jussi,1987,FIN,104.48,0,210,310,0,2014,M,Open
Khuder Enkhbold,1985,MGL,97.41,200,0,0,0,2015,M,Open
Kobayakawa Wataru,1975,JPN,82.42,305,0,290,0,2014,M,Open
Kraav Elar,1987,EST,114.57,0,0,0,0,2013,M,Open
Lkhagvajav Enkhtur,1981,MGL,73.76,190,0,215,0,2015,M,Open
Lupac David,1991,CZE,145.73,0,307.5,350,0,2015,M,Open
Maslov Ilya,1989,KAZ,91.7,0,240,270,0,2014,M,Open
Mihaylov Robert,1977,BUL,82.62,315,0,280,0,2012,M,Open
Myagmarsuren Galsaikhan,1988,MGL,82.72,0,217.5,280,0,2015,M,Open
Nauanov Yerbol,1989,KAZ,82.22,320,0,250,0,2014,M,Open
Oliveira Joe,1969,CAN,102.34,0,222.5,270,0,2014,M,Open
Osmialowski Pawel,1977,POL,58.74,0,145,220,0,2015,M,Open
Otani Norihiro,1980,JPN,73.75,0,200,260,0,2012,M,Open
Ovsonka Peter,1982,SVK,0.1,0,0,0,0,2015,M,Open
Pahl Dominik,1992,GER,114.13,0,242.5,290,0,2015,M,Open
Pankrashev Alexey,1990,KAZ,104.2,0,245,300,0,2014,M,Open
Pardo Idelfonso,1973,MEX,100.82,0,245,260,0,2014,M,Open
Quispe Loayza Gabriel,1981,PER,65.82,0,180,245,0,2014,M,Open
Ron Hernan,1981,VEN,92.82,380,0,0,0,2012,M,Open
Sena Hebert,1973,URU,104.74,0,210,0,0,2012,M,Open
Silbaum Margus,1976,EST,92.98,360,0,340,0,2012,M,Open
Sujanto Robi,1985,INA,64.86,265,0,0,0,2012,M,Open
Svensson Fredrik,1979,SWE,153.29,372.5,0,0,0,2015,M,Open
Synak Jakub,1984,POL,58.55,0,130,180,0,2013,M,Open
Takehana Masato,1988,JPN,58.54,222.5,0,210,0,2014,M,Open
Tinebra Frederic,1978,FRA,58.67,0,150,225,0,2012,M,Open
Van den Hoek Pjotr,1972,NED,92.78,0,0,0,0,2012,M,Open
Vasilev Todor,1978,BUL,82.75,305,0,290,0,2015,M,Open
Vasiukov Evgenii,1985,RUS,82.85,0,240,0,0,2013,M,Open
Wang Chun-Lin,1990,TPE,58.63,257.5,0,235,0,2013,M,Open
Wiak Jacek,1975,POL,104.37,385,0,320,0,2012,M,Open
Yamamoto Tatsuma,1980,JPN,109.92,305,0,265,0,2012,M,Open
Yarullin Ruslan,1982,KAZ,92.35,0,240,0,0,2012,M,Open
Bowers Shasha,1995,GBR,83.2,0,67.5,122.5,0,2015,W,Open
Martin Vanessa,1976,FRA,51.49,0,0,0,0,2015,W,Open
Abarca Elizondo Maria,1981,CRC ,69.88,0,70,170,0,2014,W,Open
Barbosa Irani,1986,BRA ,51.76,180,0,157.5,0,2014,W,Open
Buxbom Eva,1969,DEN,56.59,0,85,172.5,0,2013,W,Open
Castro Rosa,1979,ECU,56.35,0,102.5,187.5,0,2013,W,Open
Chen Jie-Wen,1990,TPE,123.02,245,0,160,0,2012,W,Open
Chen Jie-Wen,1990,TPE ,124.48,0,155,195,0,2014,W,Open
Elverum Marte,1990,NOR ,71.14,237.5,0,215,0,2014,W,Open
Felinska Olimpia,1992,POL,56.19,0,92.5,0,0,2013,W,Open
Le Panse Benedicte,1978,FRA,46.23,0,92.5,157.5,0,2013,W,Open
Lopez Rowena,1977,USA ,56.56,170,0,192.5,0,2014,W,Open
Medvedeva Yulia,1986,RUS ,67.4,0,0,0,0,2014,W,Open
Petrova Anastasia,1985,RUS,56.44,0,142.5,180,0,2013,W,Open
Ruud Inger Johanne,1991,NOR,80.35,232.5,0,197.5,0,2013,W,Open
Schwengl Ilka,1965,AUT,46.72,135,0,0,0,2012,W,Open
Sirkia Mervi,1972,FIN,51.83,0,92.5,150,0,2013,W,Open
